requests_per_min,failed_logins,endpoint_freq_score,status_4xx_ratio,status_5xx_ratio,auth_failures,label
5,0,0.7711775462904071,0.0034129904071177886,0.009740885989399263,0,1
6,0,0.9532236203146705,0.06829819923269768,0.009319476526945066,0,1
5,0,0.9906212466684239,0.08661260590941704,0.001177443501795017,0,1
8,0,0.9183374466078691,0.030151453523953355,0.007323069254345531,0,1
8,0,0.7423688573791727,0.0024222338418137036,0.0057067699034934255,0,1
8,0,0.7949652398432872,0.031026861867988243,0.017737605702420813,1,1
3,1,0.7381531594575632,0.004654003956497399,0.011244706434289573,0,1
2,0,0.8746994866702027,0.06230937353277806,0.0011619330798037985,0,1
8,1,0.8160883238553212,0.04599783135112659,0.009121324185338332,0,1
2,0,0.7070963119294937,0.031087011721747305,0.008523166502905539,0,1
6,1,0.8790484664095721,0.09585082693602053,0.01645697811044888,0,1
4,0,0.7294934380711712,0.061164733273759854,0.010660550097254041,0,1
5,0,0.79540192581832,0.0955699558918872,0.0054531052630685676,0,1
7,0,0.7147149664809663,0.055531155728705754,0.019211254032513503,0,1
9,0,0.7458716332150686,0.05629692349042029,0.010342346092703038,0,1
3,0,0.8796609931680524,0.06973835240876468,0.0018350377565169152,0,1
7,0,0.8488779934125517,0.023918644893858032,0.0015765599422040233,0,1
1,0,0.9847396458749993,0.07153470212874742,0.011092428182572231,0,1
5,0,0.8553050957590222,0.06208040852687936,0.012982072697291996,0,1
5,0,0.7728532909001342,0.06241624559078754,0.017903008001805606,0,1
11,0,0.8589174840426002,0.002756824083584564,0.018054338696223988,1,1
3,0,0.7930930394630468,0.07297354999183951,0.009424366979986455,0,1
4,0,0.9227902848602563,0.08693493438130818,0.0020904854312862376,0,1
7,0,0.9157166193330598,0.0044494426818399106,0.011391153293558434,0,1
5,0,0.8782038102724252,0.03112388686675537,0.0033992012511234893,0,1
36,13,0.13633935288564505,0.5555385056118043,0.3122193380034937,3,-1
5,0,0.97124222467129,0.02057705219543714,0.015680381075424184,0,1
4,0,0.8055453746260423,0.055326440203273056,0.007340034842617676,0,1
4,0,0.7534047841664578,0.005854142195007794,0.008954657793627214,0,1
3,0,0.7916312506884571,0.004567573856635321,0.014380331848103485,0,1
8,0,0.943338281219192,0.07769142992545064,0.01855504342044906,0,1
7,0,0.9654163818266863,0.07172608514766309,0.01839762045057573,0,1
6,0,0.812340066739166,0.032581787910568316,0.011571929393590927,0,1
53,17,0.06274410496891618,0.8358411020697831,0.7708931555294787,4,-1
7,0,0.9495611228052891,0.09037299762136376,0.01857691951752509,0,1
7,0,0.881178485315593,0.0877464949671778,0.006383754202476819,0,1
8,0,0.9761841693851044,0.01394646545990349,0.0008670642823905616,0,1
0,0,0.934871243075368,0.07907768085725791,0.002486731468789305,0,1
8,0,0.7965052140001103,0.08198769118260782,0.0064438884795257455,0,1
3,0,0.7061567535137545,0.030905424200034982,0.015615255254968062,0,1
7,0,0.9438190148294757,0.07790448701974322,0.006160725498564696,0,1
2,0,0.726292713648922,0.09867899455700829,0.014543602958919582,0,1
1,0,0.784490738006037,0.057711715722595126,0.01455346364615667,0,1
5,0,0.8085862214944687,0.04898864402897695,0.003080057470645996,0,1
3,0,0.7480614263186636,0.0433218635177845,0.0046577102265995055,0,1
0,0,0.8560538205695563,0.09516040689185483,0.005153810496679132,0,1
8,0,0.8952391425160239,0.00044794769197076256,0.011700840962894848,0,1
4,0,0.9388111464590687,0.038257370581560673,0.01594433332192992,0,1
15,0,0.7233923270565434,0.004935404319916481,0.004645753760166824,0,1
6,0,0.7207103250392999,0.016210935543020145,0.002411326988433342,0,1
9,0,0.8752583906003686,0.02387136918487337,0.0028656622856113078,0,1
6,0,0.8829105496454632,0.0831586485672828,0.00880299262691917,0,1
7,0,0.7186074626058349,0.07602712434028337,0.012210186304759892,0,1
5,0,0.9288003449162926,0.000969516833437456,0.004150292505004605,0,1
4,0,0.8477992677491586,0.08190574556693499,0.010072430621774636,0,1
60,8,0.30363336938351054,0.8953603319052027,0.3061761008182634,10,-1
7,0,0.7064922069923754,0.016054008660175978,0.014946491369034453,0,1
9,0,0.8894734328437259,0.02041222845580977,0.005836750469209307,0,1
7,0,0.9316966135679098,0.08554783401603136,0.008597144580349847,0,1
2,0,0.7890388421440493,0.05448535578360384,0.018244045760498647,0,1
4,0,0.73988568122979,0.06453059290176053,0.008009076173634895,0,1
1,0,0.9027444599248275,0.09687660395681934,0.003336034807416701,0,1
5,0,0.8631089075425425,0.09170987685830072,0.006553595479248365,1,1
8,1,0.9485654225395124,0.028421058691906344,0.0029528085570511785,0,1
5,0,0.907070000024357,0.06640723676838556,0.014458002008906384,0,1
7,0,0.8524859319174772,0.03422818430319944,0.01942877760073184,0,1
6,0,0.7046762754326091,0.023960482291954566,0.004082525693263943,0,1
5,0,0.7698034530466256,0.04458773419148428,0.007789023569838474,0,1
4,0,0.8822286282763452,0.014821910980351662,0.015345771385961859,1,1
5,0,0.7971172692960725,0.058610711793722285,0.012969955023382143,0,1
10,0,0.9600348361346971,0.07794306078033432,0.007873964261152997,0,1
3,0,0.8082549778838076,0.05435605896944698,0.005189754147517058,0,1
3,0,0.9937899992252216,0.05991648733671665,0.006451098618922908,0,1
3,1,0.8578626030172047,0.053153679695399,0.006054579879438902,0,1
3,0,0.9468850960066648,0.032479450286336864,0.012841064953117792,0,1
4,0,0.7212739932357973,0.012095776175452344,0.00021894747662737802,0,1
7,0,0.7161325383846147,0.04435013825500416,0.019801962384321033,0,1
5,0,0.9263613928453311,0.020985580048453946,0.00699103576406692,0,1
4,0,0.940763070692967,0.08857823579196283,0.016408571179188768,0,1
7,0,0.8909335083546271,0.04057296929886685,0.009610259723834716,0,1
7,0,0.7038810676826067,0.06608175834598394,0.00473783386522661,0,1
4,0,0.8813874316606761,0.03547509359462767,0.011779636871783917,0,1
3,0,0.8173654495124263,0.02788366132106962,0.016332184112021503,0,1
4,1,0.8025022119853849,0.06526296360752237,0.002922079991513318,0,1
11,0,0.8395006039080078,0.028324906227737447,0.009591771694393306,0,1
3,1,0.9686685190980633,0.0735624150217509,0.008477494868689291,0,1
5,0,0.8816200401251572,0.06470350245670872,0.001973057925417949,0,1
1,0,0.8723788749112988,0.0392502012270218,0.0039600146844050825,0,1
6,0,0.895737444546386,0.0956635013477613,0.018330745612040504,0,1
29,10,0.23309163839384406,0.6414635303783295,0.7475075657234642,5,-1
9,0,0.9024225182314265,0.028804400978485058,0.01801868991058561,0,1
5,0,0.8255810852151905,0.04751891600421437,0.01988927939792003,0,1
3,0,0.7144035596827578,0.0951396956260918,0.005977243170532869,0,1
6,0,0.9738077120333247,0.06202048319408592,0.011628123137131328,0,1
13,0,0.9601851657667335,0.036445984793964346,0.012812342484511161,0,1
6,0,0.9844621185446394,0.07915310711650553,0.01029706576922242,0,1
8,0,0.9598533764935158,0.04399104439122144,0.018984812753742794,0,1
7,0,0.8250826048813178,0.06629492734296112,0.009190645460519859,1,1
10,1,0.9698755649386288,0.05469090192652281,0.01788983089749583,1,1
3,0,0.8822445452347033,0.05080273155538209,0.011869034783411208,0,1
2,0,0.9391619715118098,0.05695211466330335,0.01705446755669513,1,1
8,0,0.9947406537360082,0.05547463038319256,0.0022789122736102474,0,1
2,0,0.9930584406389691,0.008061128846621758,0.01789331441288925,0,1
8,0,0.9609472026661094,0.06676693147712001,0.01767450303906823,0,1
5,0,0.7126383210858985,0.03957577037223166,0.018754799673475122,0,1
6,0,0.971882571876806,0.016482188299022628,0.008687030396919407,0,1
8,0,0.7008186233539047,0.09901728054184318,0.010183927062761193,0,1
6,0,0.713623046825111,0.027698025997493415,0.0195485673816494,0,1
4,0,0.9392259913866478,0.02947322757766914,0.010851420984076278,0,1
3,0,0.7262043965444287,0.07757557906202046,0.0011761877582536374,1,1
89,13,0.38399512163235655,0.45145737400946884,0.2528850386618692,7,-1
3,0,0.7338311675467459,0.07285425986619441,0.01098105879715338,0,1
39,12,0.26835910429341564,0.5741332591104396,0.5195180234385176,9,-1
5,0,0.8964287585518751,0.05132883603864953,0.016379526360332,0,1
11,0,0.9274415384527863,0.08486383979530593,0.003882075343342162,0,1
8,1,0.9962661486584696,0.03018312978744836,0.012914556316010245,0,1
5,0,0.8705746542069993,0.09972051439743013,0.013805187234932821,0,1
8,0,0.7570719651426396,0.009465438039363916,0.008799207529244244,0,1
7,1,0.7220951303816026,0.02102012144525203,0.0007453744552707976,0,1
4,0,0.9989662324527643,0.038441820672976836,0.0066815688333823455,0,1
85,9,0.1125706857817896,0.8563322857130701,0.5974151491333085,9,-1
5,0,0.9100388687367859,0.045029862624374674,0.012875238999056434,0,1
2,1,0.8213128602148736,0.051825231141320996,0.011489092765815915,0,1
1,0,0.9745980210796279,0.06288397885586829,0.00048816357185216486,0,1
7,0,0.8735412769041172,0.04307854685287674,0.00027695271012763813,0,1
6,0,0.8696328200545355,0.02933275032907583,0.002775660282134598,0,1
4,0,0.8088210604362629,0.08486653117871795,0.019091234906964762,0,1
6,0,0.9526046559155523,0.026631231559797464,0.00545572941361663,0,1
9,0,0.704956818935958,0.06978198430863103,0.005513539953518951,0,1
1,0,0.8914826858260434,0.04611031852005204,0.005902189357632097,0,1
4,0,0.9179510378220888,0.08558396254949197,0.014918352219257993,0,1
1,0,0.7332641825795455,0.07267805523552677,0.015711761681058402,0,1
1,0,0.7261194109938901,0.012564097710959643,0.015008616976677262,0,1
5,0,0.7719622177108154,0.09706412467498882,0.01592710453586364,0,1
7,0,0.7434726521218519,0.08245758703294447,0.01742711832356178,0,1
3,0,0.8007694810351021,0.03214886927901909,0.018726172727865812,0,1
3,1,0.7707284538590718,0.007895482693156819,0.003007002518384605,0,1
7,0,0.7226152763931265,0.040411618154616,0.009316772778384918,0,1
5,0,0.9806696680606659,0.014131274449416021,0.00209753776698002,0,1
5,0,0.9225278430672892,0.09416427377373945,0.015723971536700566,0,1
2,0,0.8631331926519656,0.04896730655165619,0.014597733290454938,1,1
9,0,0.86057180107442,0.04566009242058158,0.012414480240484032,0,1
5,0,0.7605706460199817,0.00541154678036494,0.008776802654323068,0,1
6,0,0.8069626429642817,0.014799352443040892,0.014738169896916833,0,1
4,0,0.9367032529164491,0.061773121635463,0.007214579689921723,0,1
4,0,0.9441748319698253,0.03932217588042362,0.007109160009649494,0,1
6,0,0.8422189372463522,0.02437366620278099,0.009711320076705268,0,1
5,0,0.9227129148617914,0.026936477754854894,0.012466160618784155,0,1
4,0,0.7910006147184961,0.07518120763276663,0.000392071360925641,0,1
3,0,0.9492239664161668,0.09618331662913197,0.01761846598176477,0,1
3,0,0.9459134868259975,0.08549860148320576,0.013129966251577748,0,1
96,17,0.33503408767677817,0.6812324709236013,0.5754478077168441,6,-1
6,0,0.7628889663854038,0.06533982675899892,0.005666057263994047,0,1
5,0,0.9720838009445991,0.010629486049964144,0.013974798146598981,0,1
5,0,0.941783466614246,0.03233230995267489,0.018008791191965978,0,1
9,0,0.8479644530786781,0.09798101738893551,0.010417540915162138,0,1
8,0,0.8156272534259933,0.06514298121960167,0.002779165287670364,0,1
9,0,0.9007286334565772,0.027961289842543837,0.019152189662567085,0,1
5,0,0.7096905738746045,0.02146475487701981,0.015976210397310037,0,1
10,1,0.8739502701011089,0.07564393706335737,0.01368709202496625,0,1
2,0,0.9453663226386247,0.04392294771691884,0.0027692919213935176,0,1
4,0,0.9736103101099908,0.06463930515080782,0.01132349083510956,0,1
7,0,0.7201196885624127,0.07974489200763102,0.007844404572040558,0,1
5,0,0.7352701211419683,0.017875850347106436,0.010195667314831685,0,1
5,1,0.8662051057322856,0.013903415881837756,0.014486548016280425,0,1
5,0,0.7271559693847639,0.09476572669690954,0.011707844220732885,0,1
6,0,0.9610724974741005,0.0006990785399174082,0.015588467282951457,0,1
5,0,0.9911429939325347,0.0724294507191329,0.0027558674927694506,0,1
1,0,0.7244574192785759,0.012546538906806027,0.01615219398070008,0,1
4,0,0.8316134646651401,0.022036969056649147,0.008786610055864006,0,1
76,9,0.36332647035290916,0.9020970065893885,0.33437393104252067,3,-1
2,0,0.9821250377897579,0.06534725229595612,0.00379607917332776,1,1
14,0,0.8757281075112674,0.009136173730887676,0.013419160681405957,0,1
5,0,0.989208487249732,0.0003778185203477058,0.0004645342692223542,0,1
5,0,0.7659253793152202,0.03709236601589762,0.014460179500002047,0,1
2,1,0.8673628947606551,0.011793319489517451,0.00698187463364923,0,1
5,0,0.7731135088843557,0.026824269316405792,0.012009316263524921,0,1
1,0,0.7812508113086997,0.08594657779705656,0.00464217925759552,0,1
6,0,0.874507175424304,0.043251297474654685,0.014791127501986088,0,1
7,0,0.8945450025610383,0.059010855209356186,0.011953670050675123,0,1
1,0,0.8828743888910802,0.0702920998061968,0.00821824586265707,0,1
5,0,0.7671026794319361,0.06447255863408952,0.0028152843739844037,0,1
3,0,0.9116005650433904,0.04620968241927695,0.01663279251989287,0,1
28,10,0.1878166724491454,0.875026561840365,0.30281421140877707,5,-1
6,0,0.7258954820458493,0.0653458278205396,0.014051828638637114,0,1
5,0,0.7725141196273954,0.012756854721543132,0.015747666251026762,0,1
5,0,0.8156976069328248,0.0867922908585114,0.011073901721346589,0,1
6,0,0.9325986942860277,0.06372856468144399,0.014197628932173401,0,1
3,0,0.8495470681103243,0.030332312023765996,0.015246307833416434,0,1
8,0,0.7528289440802377,0.046636411883261134,0.0005146424596514954,0,1
5,0,0.8008391441449436,0.07585449208966137,0.009483787218538257,1,1
3,0,0.7974962228671258,0.05666467183541671,0.0035878070517923757,0,1
2,0,0.794200112683638,0.04218367323682938,0.0021644084713481073,0,1
4,0,0.9954712747404737,0.06267125759567876,0.00314646123575296,1,1
4,0,0.9615217263736494,0.030299093066435467,0.010019603268658058,0,1
1,0,0.7667719333865906,0.07792192833722993,0.008534515597467873,0,1
5,0,0.7576428546089663,0.012278479811915079,0.004253744510247503,0,1
8,0,0.9023511336298713,0.007237334301750453,0.016427235853383154,0,1
4,0,0.8527013864686179,0.02348737010875004,0.00858577900601904,0,1
3,0,0.879163808255798,0.021529829732144613,0.006196644490782157,0,1
7,0,0.8139370784433866,0.033851368877065725,0.017575169595999984,0,1
4,0,0.9998968926869016,0.026002337314496894,0.0071958190818480604,1,1
4,0,0.8717419683816127,0.09256094483569376,0.018718675424906548,0,1
4,0,0.7534505848068515,0.0031028442418032267,0.0041935755599015745,0,1
4,0,0.9007612014867297,0.004926073471073211,0.010324346799531186,0,1
7,1,0.8753324392421907,0.005833327228480168,0.008618628865400418,0,1
5,0,0.824273275456301,0.08695697449426461,0.011761121346779273,0,1
5,0,0.7706155020859924,0.00014472205209993262,0.006209564662345564,0,1
4,0,0.9119137629709125,0.013580710556919229,0.012100114395670847,0,1
5,0,0.7488496437488388,0.055888111410215595,0.016615590655738376,0,1
3,1,0.9301035082055265,0.026870662003670023,0.010541771698192797,0,1
3,0,0.8066285591523847,0.007161191208951823,0.01379565502280089,0,1
4,0,0.719813661191802,0.05070267874446399,0.0174818904027868,0,1
7,0,0.9420435051244216,0.08845712064137673,0.004744644596871608,0,1
2,0,0.7279634412324608,0.06417520771315496,0.017117626189258807,0,1
6,0,0.806440425784412,0.0400404737210037,0.010926277950094971,0,1
8,0,0.8302000049786431,0.03386719248874972,0.006510043306537787,0,1
8,0,0.8846465258027972,0.0656008108470918,0.0052269382636867204,0,1
5,0,0.9951920674547121,0.07676191228265966,0.014429812551380396,0,1
3,0,0.875781168906252,0.08925837763896204,0.003989513702213134,0,1
2,0,0.922893740346687,0.0017031461088003576,0.00478993665002017,0,1
4,0,0.9801242905749196,0.09502246055934324,0.015097510935542496,0,1
5,1,0.8168240627647312,0.037352462781238285,0.017216425214803453,0,1
38,5,0.09769053184986695,0.8084519082302619,0.39028119490882596,3,-1
12,0,0.8613878894932296,0.060777771238689764,0.004197502180754478,0,1
6,0,0.9563757306428443,0.09756330653655054,0.015098783296117808,0,1
3,0,0.9669880364845955,0.0781030704333919,0.008933159731618021,0,1
3,1,0.9581060042511087,0.04562561011419733,0.010292146204709234,0,1
4,0,0.9641856496485071,0.07833514001242445,0.015659313256012657,0,1
9,0,0.9850505022289281,0.07079715076398824,0.014081660718012595,0,1
4,0,0.9537287938353414,0.07324501158673062,0.013024079199116806,0,1
5,0,0.9005989269435062,0.08120452385515592,0.0028695448859568052,0,1
1,0,0.893281859790903,0.017045952894662864,0.018680875852949867,0,1
1,0,0.873083572793188,0.08607903810304646,0.00694576717992714,0,1
4,0,0.7273396519701398,0.06396881021454291,0.005068559239827936,0,1
8,1,0.7120721264831857,0.07982852766484909,0.005925859755389986,0,1
3,1,0.8251105673539512,0.06591147418997616,0.014233615393227745,0,1
4,0,0.7160494624266055,0.07868702691851252,0.0002675247881755305,0,1
4,0,0.9905232366073453,0.04251637446553163,0.013064924307118517,0,1
7,0,0.9942449747485911,0.09825603619264701,0.012756883597754539,0,1
3,0,0.8542157365880643,0.011418376798795926,0.018481146307200137,0,1
6,0,0.7746147045936587,0.05614490173110046,0.0072766661568028695,0,1
3,0,0.9079396525580803,0.029145164764540744,0.0007164717514117003,0,1
5,0,0.8349203503209921,0.0983218564796211,0.007410586655594229,0,1
2,0,0.9549139133741182,0.03839534528834221,0.0031334378916696194,1,1
4,0,0.7657434904697741,0.0970986651903607,0.0191878722488764,0,1
6,0,0.7900079216394686,0.029919550613172544,0.015107625776963136,0,1
4,0,0.927735728675278,0.03042532834097621,0.00908210646471136,0,1
4,1,0.9872908881995306,0.09792645980332182,0.005024627636289243,0,1
8,0,0.773539649450354,0.09279522549656322,0.012412264878919476,0,1
3,0,0.9662455560122007,0.02369358794224824,0.00398969583049297,0,1
5,1,0.9349792596369327,0.02073779804363417,0.004610775843418267,0,1
3,0,0.9225438727799545,0.07636486339125542,0.004120547438418854,0,1
3,0,0.7315256785517328,0.09749745626029105,0.01904079849091682,0,1
3,0,0.7655854993776577,0.032943288056548684,0.0014833989756832412,0,1
7,0,0.7591190602132948,0.06370344090727097,0.004114923640921751,0,1
4,0,0.7483252740751334,0.05636049225541615,0.0002531354042372502,0,1
2,0,0.7819787363666747,0.04144521858399123,0.007974986185021172,0,1
2,0,0.9240249647546043,0.0367393659229532,0.01664295574687425,0,1
3,0,0.9059302395707621,0.08578559858146745,0.01866602096470389,0,1
6,0,0.7043102077550168,0.07617369022125181,0.006223031565407602,0,1
1,1,0.9490219294616732,0.07293207478326244,0.0004523091632837262,0,1
7,0,0.8797214531005721,0.08262913649373524,0.006232188305982758,0,1
5,0,0.7670080998202721,0.034014202074775714,0.011528530098082737,0,1
11,0,0.7159448776518843,0.041856559813735865,0.0011350236434604778,0,1
4,0,0.8775068421229326,0.019719269237204108,0.005367317096764925,0,1
4,0,0.8467905921510606,0.03075027744634301,0.019062846795475662,0,1
5,0,0.7548400090736893,0.03278009686421096,0.0030966263638689353,0,1
2,0,0.7981880930712661,0.08594932898889783,0.002076541720222387,0,1
2,0,0.8824186855915334,0.07722756129146127,0.012556285933750895,0,1
3,0,0.7442241299453282,0.009706932815493664,0.010753552337485126,0,1
3,0,0.766610771911138,0.09310078096491232,0.018371469597692192,0,1
5,0,0.7514299423534565,0.07214854094365493,0.0003932517995176355,0,1
4,0,0.8295775364037767,0.022377229158085345,0.019547258158172726,0,1
8,0,0.9206035965442607,0.01923831812242498,0.0021781606690097657,0,1
4,1,0.7549496963481661,0.04439886269687751,0.01648613817638414,0,1
113,11,0.175094731763146,0.5887752640594499,0.5469871140720688,6,-1
8,0,0.9779241635751093,0.018917186360170937,0.00837905790531721,0,1
3,0,0.9263791595673376,0.05448351546889943,0.004891191018625787,0,1
6,0,0.8989841910573455,0.06085190982103903,0.010654066141034228,0,1
2,0,0.9494664064544733,0.04107444678353919,0.017291149806043137,0,1
5,0,0.9723599601198275,0.02314531713196404,0.010606706975734102,0,1
6,0,0.7836805925913063,0.08006914635742855,0.0028999153112892096,0,1
5,0,0.8569124003844617,0.02380871820445726,0.0056095510328489605,0,1
4,0,0.875278878181838,0.07184742147759253,0.00639508899825453,0,1
4,0,0.9952178717156234,0.07333839593650059,0.008177411219071293,1,1
5,0,0.7247145217235231,0.05781622005994637,0.013072588646346308,0,1
78,9,0.22442428230522105,0.7009775563914157,0.5769499645685187,9,-1
10,0,0.7194213298229442,0.09515608525390158,0.0011524676336832362,0,1
6,1,0.7812091542766443,0.09345655747071388,0.011452456463798302,0,1
6,0,0.882948014632738,0.0993176218125488,0.006753114263818472,0,1
1,0,0.8421118623067925,0.03489161951764336,0.002278114311526167,0,1
7,0,0.9176246892359354,0.09794416419712952,0.0017049849002310057,0,1
4,0,0.763306922901652,0.016345110898092697,0.012077171248757505,0,1
6,0,0.8070193984336916,0.006180423957608661,0.016856027670581596,0,1
7,0,0.9743425318027015,0.03567362688921079,0.009616641131487746,0,1
7,0,0.9847459160044154,0.044504210751024,0.004388031592747626,0,1
2,0,0.829200306859852,0.008062095217578325,0.00467360568828953,0,1
3,0,0.9696973168156282,0.049743286763307616,0.01977758238510027,0,1
4,0,0.93374117703928,0.09013176651635843,0.016985716643110434,0,1
4,0,0.9360637593462888,0.001197868947016434,0.011910388197568685,0,1
4,0,0.9288120169669851,0.08401131642004499,0.016861570405197132,0,1
2,0,0.7256951181746231,0.09457912719417039,0.005947955463154471,0,1
11,0,0.9235660380074554,0.0684120270705879,0.0005775253853147278,0,1
4,0,0.8052150152476497,0.051340877777567295,0.0033555941220884612,0,1
11,0,0.807846320155636,0.00998673529219899,0.01380510718824241,0,1
6,0,0.7622590406238406,0.05397644871474952,0.006929977790406392,0,1
7,0,0.8593461192697758,0.05780918387686847,0.0012059520271509938,0,1
4,0,0.9199827087501931,0.00846499346064107,0.01300226055082931,0,1
5,0,0.7816763078153398,0.025204685967207055,0.003047225687307964,0,1
6,0,0.7448769108740085,0.022127675537223324,0.016528870285495396,0,1
6,0,0.9397975501775859,0.03950454189696678,0.0007211952412453426,0,1
5,0,0.7253470312734487,0.05739747104683102,0.01588164086953456,0,1
5,0,0.8339002077161913,0.050355215101698485,0.016413760164292385,0,1
5,0,0.866851020414926,0.048889314286374254,0.0044248788882409774,0,1
5,1,0.8890134161924059,0.03320080113171888,0.01440222237749733,0,1
3,1,0.8868079727859927,0.08038763771441994,0.014450322141925237,0,1
31,9,0.19209715884328266,0.5469011566594904,0.43715240509073333,6,-1
6,0,0.9254690895330728,0.058376142087798566,0.012924990037207608,0,1
6,0,0.9737129841192155,0.03497956307944279,0.019607569381174857,0,1
4,0,0.7372609881891321,0.009096984842685608,0.008426443967748888,0,1
6,0,0.7870601486519672,0.002183187635242312,0.015437262620010217,0,1
5,0,0.7267857696753807,0.07744117115869043,0.004820452771153967,0,1
4,0,0.8791400455652282,0.04698438202398473,0.010468774177200268,0,1
6,0,0.7937987630037731,0.01727310409477446,0.008140324700123196,0,1
6,1,0.7062954945268853,0.06704097766011186,0.0016231882178722845,0,1
5,0,0.9089592380812667,0.06657930951976158,0.013910325126949879,0,1
6,0,0.9898932126677238,0.08538223745462266,0.012854945689187514,0,1
4,0,0.8740351099126092,0.08203933529989882,0.009988551939956855,0,1
2,1,0.7262021242341833,0.028705660611915575,0.004868248641602728,0,1
4,0,0.9105024750954299,0.03284989196978277,0.0007068208921945151,0,1
5,0,0.8513117479417456,0.08055166286830626,0.0025669912486704937,0,1
4,0,0.8934090155053354,0.033034801190716244,0.013222702938366995,0,1
3,0,0.983419038497809,0.0145706611747509,0.014828674391539598,0,1
2,0,0.8997569632173632,0.07199396443474602,0.017703853839103077,0,1
5,0,0.7479605965711353,0.05002247809355458,0.006787154873436916,0,1
7,1,0.8467817559928252,0.02019574743856899,0.010377338395595409,0,1
5,0,0.9589401887569484,0.05086833276877293,0.004929850501405613,0,1
4,0,0.8717243133918992,0.02447929064157707,0.013895150334287459,0,1
6,0,0.7555439625218354,0.0263784102448274,0.0008980055444034507,0,1
3,0,0.7120405151304827,0.09457113649836586,0.005185214565043877,0,1
5,0,0.8491294731032107,0.0075180585014025915,0.009146940518982145,0,1
6,0,0.9979024108852492,0.03261323270161658,0.016662188348392726,0,1
5,0,0.7847407690982494,0.027927863789849218,0.0199404620803949,0,1
1,0,0.9516554752793132,0.09086616698450506,0.007973181841352176,0,1
5,0,0.7696416857095998,0.08951380259615162,0.01406144043814292,0,1
2,0,0.9471736382369886,0.03653336135474853,0.019863140764510706,0,1
4,0,0.8828504789171743,0.058053150445773666,0.01002236234662173,0,1
2,0,0.9543887773867599,0.03587978571573526,0.01668080819439211,0,1
6,0,0.9472448215599674,0.07518897916419776,0.0035033232830157337,0,1
7,0,0.9442536689912142,0.006317804995381937,0.009838170293297347,0,1
8,0,0.9955286570019393,0.07189787471768998,0.017635089697516183,0,1
3,0,0.8390504698501555,0.028506884047229165,0.00963444408026602,0,1
8,0,0.8527686441544333,0.038279058791788334,0.010374728715779886,0,1
9,0,0.8341470870315275,0.04191997098899493,0.012598939213966778,0,1
2,0,0.7902073560171226,0.09388696739093144,0.017025039332685045,0,1
5,0,0.8369886967453425,0.06537061048017107,0.0033299910220272546,0,1
9,0,0.8202205765341051,0.09680732808637425,0.015132596847683954,0,1
26,5,0.23336368133746038,0.8632394406400616,0.3888169179820048,8,-1
5,0,0.8419495144702215,0.0997956715502286,0.008532055609197658,0,1
3,0,0.9261478785079085,0.09581507477598816,0.010156897064483172,0,1
4,0,0.7835755518541196,0.031123804686473466,0.006193590030410729,1,1
4,0,0.9305443687861918,0.04410056009311637,0.010549727575906716,0,1
5,0,0.9310366623009303,0.09936301419253728,0.007851414408063166,0,1
6,0,0.9136326798560727,0.041564156664783025,0.0013800967840080403,0,1
5,0,0.9445725823208683,0.0030780831753523087,0.010405774617430093,0,1
9,0,0.9275340100022726,0.09564810972312271,0.0032936987932218687,0,1
7,0,0.8524554649860611,0.007749602166174219,0.0047834951972331695,0,1
2,0,0.9594998837818158,0.047966718286008486,0.00672603546908136,1,1
2,0,0.8758830545258856,0.023306983369485113,0.014304968520115457,0,1
7,1,0.9992033647850495,0.020458337215043854,0.005981774344876934,0,1
6,0,0.8279394400681165,0.08795215925860875,0.002664594145536847,0,1
8,0,0.7550449613080069,0.04020927494109969,0.0015953959550038777,0,1
3,0,0.7139384431665728,0.008179911382744976,0.01327608573821572,0,1
7,0,0.730732634869796,0.0917827053757195,0.006204518558753187,0,1
8,0,0.973767331563598,0.039910193937081576,0.01954502790478557,0,1
4,0,0.7398585245282574,0.07329142991695052,0.006627420925720004,0,1
3,0,0.7635599619196907,0.0736901372171708,0.001484542317369093,0,1
1,0,0.8885893646706678,0.02451480198974513,0.016751704462415584,0,1
5,0,0.910383701838912,0.06191146953034209,0.009094251221662155,0,1
11,0,0.7205508889306392,0.09005779305631646,0.017906305101427288,0,1
2,0,0.8314314368942728,0.09831264099816142,0.0005497209257540758,0,1
9,0,0.7781305700270507,0.08966009580549783,0.011990196588437887,0,1
7,0,0.9792918742728534,0.031024642468761056,0.006781526836078256,0,1
5,0,0.723368129678547,0.05232470752399798,0.004985557327327641,0,1
5,0,0.7255097360505811,0.020808519048126518,0.018174090483935864,0,1
5,0,0.7551935492832726,0.015865516996309392,0.016225256993338554,0,1
9,0,0.8209929663978734,0.02072906435941523,0.0023841782282791346,0,1
5,0,0.9011540795856303,0.08438520582019737,0.017454609681206993,0,1
4,0,0.9831414126975219,0.026324365627324667,0.013166017568088065,0,1
3,0,0.8921218350759021,0.08476177852288728,0.013646968529690396,0,1
5,0,0.8891550955641994,0.046695829854541085,0.0016546812686904367,0,1
6,0,0.9366875005031038,0.04687787382810221,0.01317411085453052,0,1
7,0,0.758028877503987,0.07925372261143233,0.012044002466655665,0,1
3,0,0.8468871494230523,0.04461280094191864,0.0009489494972010037,0,1
7,0,0.7366590285487714,0.01605539426421745,0.01808280944664551,0,1
2,0,0.8504028641274338,0.018063655094753252,0.014810335991149092,0,1
4,0,0.8308441299747235,0.09049952259723248,0.013539158751310253,0,1
7,0,0.8506193746004702,0.09800991031079778,0.0191508341077828,0,1
80,12,0.23552874694220238,0.9422144475607805,0.6210362204018609,5,-1
3,0,0.923128802275867,0.06679015127348595,0.0021023135659786686,0,1
57,12,0.3835284366491916,0.6355806614703525,0.6564168158517443,4,-1
9,0,0.9702639696964543,0.05632333087435071,0.01876570830305221,0,1
5,0,0.7914439403843306,0.022056807363694267,0.01971365805144336,0,1
5,0,0.8016724609851168,0.010351326901668257,0.01682606299154615,0,1
8,0,0.9498598037210508,0.03866321922137057,0.002411724322364699,0,1
3,0,0.7582283617868815,0.01635262086081204,0.002071058842694191,0,1
4,0,0.8265081141154544,0.06789287696603759,0.007794948293473218,0,1
6,1,0.886090927013014,0.07839386353624313,0.011872067113444096,0,1
10,0,0.8586383835411247,0.010527306220633848,0.0007823115760794152,0,1
8,0,0.9239954298512785,0.04122725224743798,0.0029527037024297,0,1
4,0,0.777963887934942,0.07350138084607978,0.007865473153179783,0,1
2,0,0.8585967496530569,0.09012164642607903,0.017749577696225673,0,1
5,1,0.939785142300295,0.03202300409685218,0.01761530023216206,0,1
7,0,0.9840301856490667,0.061100924845418916,0.00497099115895592,0,1
6,0,0.9111343015103994,0.011321467660989537,0.012047340786965594,0,1
6,0,0.8352458234376028,0.017536780254037734,0.007707635065497347,0,1
5,0,0.8811685900434316,0.051741418881689816,0.0018628101808975317,0,1
6,0,0.8628432686944327,0.01900092948312523,0.016616925658167633,0,1
2,0,0.8144827653948176,0.0254388808283049,0.01166591593220027,0,1
2,0,0.9006859232371911,0.007392171664576364,0.0038093364699570034,0,1
6,0,0.75133672659417,0.07792067402682286,0.0011969437945377704,0,1
3,0,0.9923075798847666,0.023131980090484883,0.00594838248458198,0,1
4,1,0.9089999402990986,0.03296388243277235,0.004361251457081399,0,1
9,0,0.9553591262436285,0.0056224915824193205,0.00876914561082827,0,1
4,0,0.787654299825405,0.027618381440650375,0.01867785031555202,0,1
8,0,0.7030525007767802,0.08169005946848834,0.01862275818385246,0,1
6,1,0.7690543836613772,0.08396054509905165,0.008719199782575283,0,1
5,0,0.7692435194079847,0.03204896372653623,0.0021337276845315965,0,1
9,0,0.7367232420059701,0.06816065901683092,0.005189315411218662,0,1
7,0,0.9166834297109048,0.07288061990193877,0.00910326497935193,0,1
5,1,0.8606555093382151,0.07607146278696642,0.010950761340984662,0,1
81,16,0.2128348969925068,0.7561613913246044,0.2621728777549843,11,-1
4,0,0.7044410268455392,0.08690758150677025,0.016170796333939468,0,1
4,0,0.7759094630596419,0.0020979994833933316,0.013349982392479715,0,1
5,0,0.7653994913165303,0.09315196275969179,0.01083418049747838,0,1
6,0,0.7019348328894102,0.08753051567568017,0.01612454648255114,0,1
9,0,0.8064111274372627,0.041261967505903496,0.002223330023518746,0,1
5,1,0.9914476169419641,0.004842322641726915,0.0029640826533742673,0,1
5,1,0.7309658774367337,0.0759269419663392,0.012837750070857563,0,1
4,0,0.7060484146353682,0.062096642776715866,0.004610702439834349,0,1
3,0,0.7582005443245639,0.08757857809597044,0.002842540738317532,0,1
10,0,0.8699145401830621,0.04873543708786358,0.010947751573884907,0,1
3,0,0.7162118777043707,0.08411887050712472,0.006005396717036045,0,1
3,0,0.8832466621491779,0.09268722028146584,0.012832889941824407,0,1
6,0,0.9012983446084948,0.05671731001852015,0.015571465319158246,0,1
7,0,0.9971545346350638,0.0017414903941226024,0.005175229452671142,0,1
33,11,0.38730674131990245,0.754759724690711,0.48600229769576525,7,-1
2,0,0.9114953915432742,0.058772539269128725,0.012070015913501002,0,1
2,0,0.8379726765865482,0.022724809118395452,0.00819679736599092,0,1
79,6,0.36498210598332126,0.49222426209145004,0.7404866725671784,5,-1
6,0,0.9652716235253969,0.0407608203217891,0.01802836472758692,0,1
62,9,0.16139590890272232,0.5527624926356576,0.6401405135905631,4,-1
5,1,0.9795955053617424,0.04646460011407888,0.0026196380753582484,0,1
5,0,0.9717038906130941,0.05188326758482592,0.012100491944058829,0,1
5,0,0.8592423784271248,0.07289654270978811,0.011415500359326073,0,1
6,0,0.8114815297902569,0.08273689113661882,0.0007141741941634372,0,1
6,0,0.7322414211906043,0.09934799343336272,0.015943640568157853,0,1
5,0,0.9597288189690483,0.021683421769299063,0.017672074891261727,0,1
4,0,0.7098588177385419,0.01689570411013186,0.0018266987681461644,0,1
5,0,0.9716753753792211,0.0942745253500633,0.0161916024091372,0,1
5,0,0.7879883959626466,0.04498646953614197,0.004064151865208623,0,1
7,0,0.8811402304036566,0.0738731105462403,0.012863152061180343,0,1
4,0,0.9726481642290801,0.07610206042154469,0.015806404909595093,0,1
5,0,0.7409061385332272,0.05821076831802224,4.905810239861363e-06,0,1
5,0,0.8876926205655633,0.04475464814142238,0.007910687921259268,0,1
5,0,0.9363688939134169,0.04016185740792371,0.016348920046506028,0,1
6,0,0.893211781757923,0.050544165671780474,0.019167011260027855,0,1
7,0,0.8667168607374675,0.05967222893673624,0.00023772817694767357,0,1
5,0,0.9540770254329385,0.0036962350220560384,0.0021986914011369253,0,1
5,0,0.8271029228853543,0.09205077894865825,0.019142006417604843,0,1
0,0,0.9149159673654734,0.06298011077219316,0.0028474448757003336,0,1
5,0,0.7729502720577187,0.01584893231822786,0.013910624970236648,0,1
6,0,0.9841743630118788,0.03361294220280871,0.004015452967088502,0,1
9,0,0.8949467009949903,0.044632575244220166,0.008160946618690672,0,1
5,0,0.9700464254342966,0.021564830163787876,0.0036465845963314482,0,1
6,0,0.8447498124597238,0.06675621017861716,0.006089478032314302,0,1
66,10,0.2444899399767161,0.415843925781541,0.2925288490931484,6,-1
1,0,0.8656558326804208,0.05189812535232788,0.015581428971975517,0,1
4,0,0.9284880918367884,0.03792411197620679,0.005390129167729656,0,1
3,0,0.7345937566546024,0.0003316704404901505,0.017150793956657022,0,1
3,0,0.8723734739591713,0.097184209147679,0.017112592323181516,0,1
3,0,0.828997762007292,0.08663414358503906,0.008118286862548426,0,1
2,1,0.7872579921828792,0.06373541578683929,0.01766605327467426,0,1
1,0,0.9683435874300328,0.07546063656363537,0.01714808338927182,0,1
8,0,0.9664915456889942,0.056090752807037104,0.015836554418632603,1,1
4,0,0.9723279973721417,0.09917785717660392,0.014178092160856654,1,1
10,0,0.7321337545945371,0.09154786028697148,0.008503357459735404,0,1
9,0,0.9605726896112361,0.09416053369059946,0.01630699146520861,0,1
115,4,0.19045309202007987,0.4982530948220687,0.2612726595969414,8,-1
6,0,0.8781942259621434,0.09272714445333186,0.008967002140817224,0,1
6,0,0.8791872998683619,0.0007086467447382395,0.0037602653154801004,0,1
68,5,0.23719990438261446,0.6343452721844346,0.6520100142755206,10,-1
111,10,0.3493247691826004,0.5639721182454543,0.48886358921347717,11,-1
3,0,0.7314802655543212,0.08348534905367518,0.017409168332502025,0,1
4,1,0.9944230961103717,0.0656873302259359,0.017759705980933335,1,1
4,0,0.8125176832339318,0.0649680837945384,0.017743935334443125,0,1
8,0,0.8379796589876166,0.06228001384773098,0.012837215575260397,0,1
5,0,0.9467939041438899,0.035947157628934155,0.01633216702709433,0,1
7,0,0.868970520662554,0.07568492655016469,0.00183108454528764,0,1
6,0,0.7052658152674935,0.009624412415757157,0.018924117694296777,0,1
6,0,0.9906260327328409,0.02796950133569767,0.007987405087027171,0,1
4,0,0.7158915324461104,0.014169491726023177,0.010484994626837482,0,1
6,0,0.8550281902890399,0.09619153014112879,0.010654381425665983,1,1
7,0,0.9236841715528732,0.0785181020723277,0.0072083170589600275,0,1
4,0,0.9518566167166636,0.04557320412800884,0.010084397321988054,0,1
2,0,0.8843556039024549,0.06017871644071158,0.010344472302325004,0,1
4,0,0.7912135808907422,0.007403128740591358,0.006489469166462223,0,1
1,0,0.9822806428375943,0.07805386926395003,0.015612490903274039,0,1
5,0,0.7346688389420007,0.007203692501852011,0.01796656871847706,1,1
5,0,0.9670988576027106,0.03767593433261503,0.005483548793486875,0,1
5,0,0.8025957415863955,0.010813197233937512,0.007464494864432956,0,1
6,0,0.9756052533829893,0.025194021240911347,0.00010718609251192168,0,1
3,0,0.8289324503324098,0.017787063353422807,0.002845979935173857,0,1
5,0,0.7624803463802707,0.07760942862183244,0.01263395185646214,0,1
7,0,0.8961764109777254,0.0694294278142946,0.003177653408650427,0,1
4,0,0.8807848830804073,0.028622310102571394,0.018834967244624096,0,1
7,1,0.700756528510846,0.0004609935973168167,0.012341083892435852,0,1
1,0,0.7742686200660296,0.03744361573490144,0.004660098959551918,0,1
3,0,0.7312512179986115,0.0874439985400383,0.0026652744576883113,1,1
5,0,0.9105620063362934,0.07873824254158057,0.005439859525204784,0,1
8,0,0.9464667101373977,0.04610987546341103,0.019982741524330196,0,1
8,0,0.9790057176458486,0.06150933658744016,0.0155426810613154,0,1
3,0,0.9490600991969435,0.000460054572588442,0.019284519117535013,0,1
7,0,0.7945598039963047,0.04450452833148654,0.011928911790157277,0,1
4,0,0.8978559864009865,0.048971925384095,0.013299620504760617,0,1
114,17,0.26686116214604994,0.7131075629528738,0.5154939437587056,4,-1
4,0,0.9169600428179661,0.02212186560774562,0.015890684051322494,0,1
3,0,0.7587129443008204,0.08789024536458703,0.013030593707300149,0,1
5,0,0.7159556024401448,0.0006000781673981992,0.008167593612629516,0,1
7,0,0.8405305836121281,0.04775506553971712,0.0044610790941238074,0,1
3,0,0.9257879972302847,0.04294916786978438,0.012066812590044534,0,1
4,0,0.8943312965242014,0.06550590173405828,0.012620970870573709,0,1
85,17,0.2372630513797906,0.6048962161731081,0.4433836702913157,6,-1
4,0,0.7691032466896344,0.06290469935870505,0.006711724203763676,0,1
5,0,0.9219726134766648,0.09064463184738247,0.013383660540793135,0,1
10,0,0.9843588314904883,0.093519103045757,0.018483111732160686,0,1
2,0,0.9995575338968778,0.08964844936811717,0.000538083076992677,0,1
3,0,0.8196464594222631,0.0717281617225717,0.017196149640323764,0,1
5,0,0.8834853648262488,0.07118972503066855,0.013135740219288585,0,1
7,0,0.7979348325254108,0.054988355948775214,0.007689871628146399,0,1
5,0,0.7271873310160645,0.021320428276094906,0.0016112159880995746,0,1
4,0,0.879413746740107,0.021699774606031688,0.009998420548224012,0,1
6,0,0.9694966059074108,0.022815372825907912,0.0057578154819042495,0,1
6,0,0.8593204059467089,0.04029096163616526,0.011949662674615532,0,1
5,0,0.8724490080567071,0.09625695873776324,0.0008799806111662112,0,1
7,0,0.8926171440212219,0.07046398194407198,0.010628737853721962,0,1
3,0,0.8907218072590561,0.07557757391323319,0.016215841443256565,0,1
4,0,0.7782506847949047,0.06766856334286485,0.01350439295079264,0,1
2,0,0.9775259897458421,0.049310884824824465,0.0005463314545087394,0,1
6,1,0.8954781742341381,0.01715211880531785,0.008820830445130537,0,1
11,0,0.7943537111117839,0.04295454487186029,0.00760871605783964,0,1
2,1,0.990857968191966,0.04574669923029104,0.007777956612802792,0,1
6,0,0.8281468123449023,0.06600129942084604,0.010792954410607299,0,1
5,0,0.9297412264092664,0.06592914727882142,0.011136188842235011,0,1
3,0,0.8884163593451275,0.06802420845169307,0.013390314152040244,0,1
5,0,0.784693317356262,0.0570922151800373,0.015182425190920484,0,1
7,0,0.824718369783859,0.04276995147387187,0.007746874793160692,0,1
10,0,0.934902561981448,0.0905548281603916,0.016464313014220987,0,1
3,0,0.8785351392473811,0.05633889305968313,0.011147431154360444,0,1
101,9,0.1536199190010326,0.8762895109380916,0.47426560291779013,9,-1
1,0,0.7815381257871025,0.09859038271234641,0.0023221383970976816,0,1
5,0,0.7336357750488096,0.07962783782978285,0.013813327795228581,0,1
2,0,0.9644844822969514,0.08473500281430886,0.009459749220129477,0,1
6,0,0.942403426029032,0.04544635068414696,0.0010910622975901596,0,1
7,0,0.817608116823693,0.027745699488794396,0.0018827952133937732,0,1
7,0,0.9046530501098515,0.053023569272589124,0.007914257399160584,0,1
9,0,0.8490328526763183,0.061198086353022665,0.014049991464381541,0,1
7,0,0.7405283669785929,0.050207160731982364,0.01915078878033702,0,1
3,0,0.9584771058317498,0.06174335204824778,0.009937277114894798,0,1
5,0,0.8259801515414307,0.0921592310013318,0.016957688346351325,0,1
4,0,0.702963881992617,0.039640615372565614,0.01518790183593933,0,1
29,13,0.11848836740955568,0.7902580577361475,0.7817722047148572,9,-1
5,0,0.9279950107896253,0.03880490309488238,0.015592422718707788,0,1
8,0,0.9612481930754904,0.0022820730014847302,0.010077964088056932,0,1
7,0,0.7210862842089756,0.08283690072301977,0.006862711070279322,0,1
4,0,0.8971639599005401,0.0015273838062884737,0.00894222814963565,0,1
3,1,0.8934946786159426,0.09301687146476781,0.011284631257151432,0,1
1,0,0.8887366658016999,0.06862250031859937,0.005824985089633395,0,1
3,0,0.7605458824593289,0.07755681478094317,0.0024084645236153814,0,1
2,0,0.8819866755428746,0.0717035921586684,0.01274934117628259,1,1
5,1,0.8408280254976875,0.006813426377648368,0.0043501066737566775,0,1
4,0,0.9952783883247354,0.09441478004244797,0.004844352873271849,0,1
72,16,0.2864387067571534,0.930610240250155,0.7554313641002981,9,-1
8,0,0.9436313616592269,0.09544960284547797,0.018074248632607832,0,1
3,0,0.8674866239312251,0.025192537035664243,0.018714510967575974,0,1
6,0,0.93735692966899,0.05276123313583823,0.01695378388729291,0,1
3,0,0.7271458875548658,0.04773615269606954,0.013043382541835138,0,1
6,0,0.9733221270719438,0.001437020592674898,0.006720123261976245,0,1
6,0,0.9946270952572864,0.07702792521767135,0.010531968603336264,0,1
3,0,0.7721344376224238,0.0857558706362703,0.0076021789360482695,0,1
75,12,0.09815865290988991,0.8484578282705255,0.7092192891378453,6,-1
7,0,0.8499001875344323,0.025729256758304453,0.002456606978394016,0,1
7,0,0.9505740846656505,0.020001058944336337,0.003336765832832487,0,1
8,0,0.8748156106399066,0.07499627217200269,0.01729661865409265,0,1
6,1,0.8609862708564875,0.09053932329290054,0.018063678298262796,0,1
6,0,0.844930327628173,0.06768855167565772,0.0001853365891326009,0,1
6,0,0.7574810072555597,0.08633865647893624,0.008564032255167458,0,1
6,0,0.9941962574687616,0.01470859922703869,0.013999320242092349,0,1
2,1,0.8867355623471036,0.0880772108726689,0.016056982139765627,0,1
3,0,0.8451070078794356,0.05102132023643106,0.0011356147851261378,0,1
2,0,0.7188016404105897,0.026428522121248202,0.012201366770667353,0,1
2,0,0.8918992800369525,0.0937784956801615,0.018225643444069455,0,1
8,0,0.8393428437152015,0.09822984363204194,0.009925553181148043,0,1
3,0,0.8832855308308832,0.03010260870416989,0.00865957532114994,0,1
3,0,0.9209250735329347,0.061018301083681704,0.013387822201772894,0,1
6,0,0.9935020698389749,0.03799749244584082,0.006188022008560707,0,1
3,0,0.7057631599220544,0.0804858915465716,0.013647956377856586,0,1
6,1,0.9644065720917249,0.05896643063845694,0.009553007547965882,0,1
5,0,0.7483637241755109,0.0461722918166691,0.001271042600909449,0,1
4,0,0.8197826152046731,0.09347423629769824,0.011763282201604136,0,1
5,0,0.9151815067562008,0.08514710138868775,0.01562894757251345,0,1
7,0,0.9609321398750565,0.03800929457458185,0.019841265790782568,1,1
4,0,0.7057096760778215,0.023409791902399946,0.01883901807322735,0,1
4,0,0.8927901320457563,0.0434394893877355,0.015958055177882523,0,1
57,9,0.32819385117025524,0.6465727659665972,0.5627247359670225,11,-1
3,0,0.7603790806782678,0.005039779424338176,0.003178149639614687,0,1
4,0,0.9870026611238472,0.057820666529801834,0.005857831784077774,0,1
5,0,0.8276347349655451,0.09692459342110904,0.0035217191683352225,0,1
5,0,0.8589589272510032,0.09969108892977728,0.01785332031645834,0,1
68,16,0.18506643705446324,0.6865411715111691,0.7558222692233179,9,-1
4,0,0.9781786977380912,0.08573313701326596,0.006920525680534944,0,1
2,0,0.9399605813585632,0.06946721084790533,0.01994639054323492,0,1
5,0,0.7286618936491931,0.03707021806146994,0.00976738973909702,0,1
1,0,0.9041056576455674,0.004184794488293431,0.008239249138830517,0,1
4,0,0.8187261550670785,0.09048927004979163,0.003311136841967859,1,1
3,0,0.760175209024972,0.06309911542136425,0.011258338402402012,0,1
7,0,0.8877019637166276,0.021464471398975574,0.014438266986236717,0,1
2,0,0.7593849349146851,0.019587320795998453,0.011568648760403989,0,1
4,0,0.7848783787248711,0.06377456662457177,0.00047189427726403556,0,1
3,0,0.7497489928118481,0.09485487173608759,0.014277460905483617,0,1
10,0,0.8504322241424658,0.06957305280323982,0.00251602584000147,0,1
4,0,0.7936856727667765,0.07056149627507266,0.01339398089657505,0,1
8,0,0.7193567233292933,0.008640915976013897,0.003842023611987786,0,1
7,0,0.9003947913488184,0.04864037550971115,0.004087049610567899,0,1
3,0,0.7756921422275914,0.06788833668893024,0.0070776081292722014,0,1
3,0,0.8068591491756784,0.021397633563906483,0.002542379380794171,0,1
2,0,0.8872062819983392,0.07450365341015922,0.0014934586039612508,0,1
7,0,0.7115047152776222,0.04165256488395596,0.009487946378795867,0,1
4,0,0.7225960127633662,0.015752732555351635,0.007179958331392287,0,1
1,0,0.9121147914768966,0.08363431957858375,0.010576867484375188,0,1
6,0,0.7770950987462447,0.06153114072274393,0.017240698945139223,0,1
7,0,0.9335666379734615,0.07499174220717196,0.009565441296519449,0,1
8,0,0.9988345510578737,0.07709630244853771,0.004725754160790426,0,1
3,0,0.7534879784909657,0.08302435279704073,0.0016684868442230717,0,1
6,0,0.9065805628948334,0.0218567786612522,0.01373776623672004,0,1
75,7,0.13074004521150698,0.8934203095692221,0.6308414616182632,8,-1
8,0,0.9859203358811375,0.09298424936337063,0.002913271037273517,0,1
2,0,0.901837212839809,0.05271545895806339,0.01906008310419441,0,1
6,0,0.756243799249576,0.044087237149507755,0.005811883209992148,0,1
5,0,0.8130115607247768,0.08022903079813609,0.011126077229383276,0,1
4,0,0.9717316287356579,0.03864797499874585,0.016107420674544636,0,1
7,0,0.9323081158544764,0.042182880257479384,0.011767375164883501,0,1
4,0,0.711050745130991,0.09392124932899587,0.002554862550180326,0,1
5,0,0.9330621736656465,0.04421307422703801,0.009842042112778593,1,1
6,0,0.8052543472156539,0.08081683109125393,0.019597806449424122,0,1
2,0,0.8979233284808381,0.06444523641647398,0.0006229686929387946,0,1
5,0,0.7085895114200924,0.08554328533030778,0.0005558557993415602,0,1
4,0,0.8352658574395311,0.040211738564795735,0.0005445682467369673,0,1
39,4,0.3847955236782732,0.4740452090330765,0.6947567849305702,10,-1
2,0,0.9202975940484996,0.004438900120691792,0.008616393763172879,0,1
2,0,0.8890714471318485,0.09150784018170167,0.006710962590126186,0,1
8,0,0.7682426939938873,0.08872960105042081,0.006543538850570878,0,1
4,0,0.8618063248020689,0.040335697173787516,0.013981318255425128,0,1
4,0,0.7120386367234767,0.04289541122325441,0.007363004649507503,0,1
4,1,0.8112140690937132,0.055707684197443035,0.005937172499320143,0,1
10,1,0.9282008914502666,0.018605003280869947,0.005714184897246555,0,1
4,0,0.8865472258917324,0.039978774754224844,0.0046836859173857645,0,1
2,0,0.8417455076114146,0.03924898012342302,0.0027346165183121697,0,1
2,0,0.8662644145956648,0.09229157435532141,0.008089662903955509,0,1
8,0,0.8366208410648993,0.09518385469666601,0.014237004457526124,0,1
5,0,0.9994213760776711,0.05313104368892953,0.007875208007591266,0,1
4,0,0.7190205969819419,0.07143651619473286,0.003921087029094046,0,1
8,0,0.822531003067617,0.009826520581332033,0.019040718193565755,0,1
3,0,0.8484517203459625,0.040625426642782764,0.0016372880798969126,0,1
10,0,0.83144127141087,0.04755595547831337,0.01206041696574244,0,1
5,0,0.9734719420413094,0.0036565777909108423,0.002945089238372789,0,1
7,1,0.8654940208294144,0.09873602045353343,0.011566996568963603,0,1
1,1,0.8958619278910479,0.07077216600217254,0.0018702613286353165,0,1
6,0,0.7018066121105219,0.06212970342167891,0.01393980308443585,0,1
4,0,0.7245471768537904,0.05959707593878597,0.014933303455336371,0,1
2,0,0.8502031224416429,0.05024417925747218,0.0014910594970410473,0,1
90,12,0.0974143131561481,0.892283607116942,0.4284875476711603,11,-1
3,0,0.7589242260444102,0.0791144965542072,0.004268288704337939,0,1
4,0,0.8083412551317173,0.03700620628699756,0.01784046611422178,0,1
0,0,0.7000144371682935,0.0416219680757627,0.005150709004811669,0,1
5,0,0.9347516907848078,0.0552369821609127,0.009184225572715574,0,1
2,0,0.9443820053124763,0.03951007530147893,0.018197019497281707,0,1
5,0,0.8468967573615095,0.06276418014401731,0.01805819476468639,0,1
5,1,0.984515327881785,0.007281546957842222,0.017935236925125365,0,1
6,0,0.7483710425303937,0.03469893186486106,0.00032234608975528545,0,1
1,0,0.9651767625883787,0.032154970801271214,0.011778835681539136,0,1
6,0,0.7919148681477113,0.004971829248796911,0.01269489037446489,0,1
3,0,0.8643838912211828,0.060637947857403375,0.012275979180841617,0,1
63,15,0.29023172507825856,0.4916016473820707,0.25719550880243347,9,-1
7,0,0.914804092279853,0.08688090716314495,0.012613996133553872,1,1
6,0,0.9137352294135932,0.01066130863112108,0.013501012462927271,0,1
1,0,0.8762158572276422,0.04749022918309627,0.008511687202827014,0,1
6,1,0.7369738816750872,0.0024420102643931355,0.01031651596984899,0,1
8,0,0.9380368194147259,0.09882477323959094,0.0023863820777842173,0,1
2,0,0.7793035353180089,0.009174405087997729,0.010351448359583926,0,1
7,0,0.8423269582866395,0.09431080677201321,0.006247945677343898,0,1
8,0,0.9358881786525095,0.06632143272984561,0.013159491505304238,0,1
11,0,0.9766969184436007,0.06933822441944774,0.0018524959935563446,0,1
3,0,0.856578985841128,0.000988786501692074,0.009066589426347686,0,1
5,0,0.992303747493186,0.06794541440499191,0.014608529623277125,0,1
4,0,0.844626803357344,0.035736867914911874,0.007834170616295454,0,1
4,0,0.9005090041856326,0.07632778849269772,0.005537218630931296,0,1
7,0,0.8228676198750264,0.06373136296671326,0.013248754934726723,0,1
7,0,0.7062856510883574,0.04701197660664689,0.01199157320050096,0,1
3,0,0.731100740644671,0.01760281527877269,0.007825966719661374,1,1
5,0,0.921527530372865,0.08444111489426634,0.003603726386630668,0,1
6,0,0.9655193652750003,0.06742402806643377,0.01790088575594968,0,1
7,0,0.9259830181393911,0.06569467392113519,0.019666431952744715,0,1
8,0,0.9547489210430862,0.06309129264658232,0.012660155850640767,0,1
4,1,0.9221093716468284,0.003524444907015634,0.011317939267100008,0,1
3,0,0.9337679953246766,0.029069981364692056,0.017237280325658105,0,1
6,0,0.8608989475858317,0.09933071943077981,0.009385436927258581,0,1
4,0,0.7817648185184936,0.0002081512349920267,0.004333644022919854,0,1
4,0,0.9093409254715836,0.09001379512930036,0.011567400460437707,0,1
2,0,0.7836184130006139,0.01183672395755816,0.017416105054193207,0,1
3,0,0.7399769517499034,0.028151909246641727,0.0007856407768682017,0,1
5,0,0.7829694437246874,0.0890047909873941,0.012022447840500721,0,1
7,0,0.8964567001504549,0.05320072754668064,0.009825265121624236,0,1
4,0,0.9109085849613838,0.06855280150108364,0.009613690726948572,0,1
2,0,0.864617046504722,0.043016445251449965,0.01413399178057526,0,1
1,0,0.832996001943724,0.04133422641488154,0.012079978579908831,0,1
2,1,0.9253194049397295,0.051792173364144184,0.0165175735491691,0,1
5,0,0.7195823154104973,0.05356651079334027,0.009096834417464316,0,1
4,0,0.9907005622426459,0.0020861472637409006,0.009974786616246763,0,1
3,0,0.8418951299956401,0.05194726168593257,0.004551203261907031,0,1
3,0,0.7140862117697204,0.0700699321102056,0.010468276542362256,0,1
4,0,0.8238577811851219,0.04973639202167177,0.007448091264511078,0,1
86,17,0.13860217907884131,0.768176531341932,0.730499062308074,5,-1
5,0,0.8901483360831828,0.08359455374108105,0.012606089551203917,0,1
49,12,0.31005329310692026,0.5711045527483862,0.4343275898239599,10,-1
5,0,0.8726145110829826,0.07278776220711733,0.005264620101305533,0,1
5,0,0.8376406946074876,0.029669669762808618,0.01069919831867662,0,1
0,0,0.7525932731543918,0.06944249495236486,0.009121957767838784,0,1
6,0,0.8228160510449347,0.025593895767662623,0.00205069962575392,0,1
5,0,0.9489057134669103,0.02453620559864359,0.005404583464151476,0,1
4,1,0.74827158518905,0.06549035322851401,0.01330773247570064,0,1
8,0,0.7925167638704982,0.06489419359523328,0.010533112323259103,0,1
6,1,0.7989702880447193,0.045216075220915725,0.01715839096920813,0,1
7,0,0.8469895528981389,0.006144791604425892,0.00617551552723995,0,1
4,0,0.873889171070984,0.06125003778578084,0.01304475888733466,0,1
6,0,0.8065649842394679,0.05835801862336887,0.018394928671342126,0,1
3,0,0.9468566570935721,0.03831041668442321,0.008903750914794891,0,1
4,0,0.8411189058531916,0.018949496883985274,0.006326985755260643,0,1
10,0,0.7982965089764928,0.04356118578222239,0.001002528646416323,0,1
70,9,0.389614335423056,0.7498651436082905,0.5156032421651566,8,-1
6,0,0.9008443014670083,0.02719558460388496,0.014530469438270329,0,1
6,1,0.9446009432473297,0.01647758868271182,0.009983595130169318,0,1
2,0,0.8655685418497437,0.039139066438226955,0.001128287453201826,0,1
4,0,0.8546122992234025,0.06513399408695104,0.015947507495403607,0,1
2,0,0.9714309404265854,0.08180615602722587,0.00507407615024291,0,1
2,0,0.8457945353692309,0.028661555844972764,0.008944814164570183,0,1
1,0,0.8502338472821804,0.027164113074417406,0.01184400360017028,0,1
4,0,0.7405706126484424,0.050761038327517584,0.00836103205926045,0,1
6,0,0.8306859438309848,0.03879663333838243,0.019991967644000398,0,1
8,0,0.9420551803416296,0.016178858502363027,0.0075690262496796844,0,1
32,10,0.36399740010551834,0.40392012655574167,0.4959815878717874,6,-1
5,0,0.802783411138442,0.06616843562366649,0.006030408077772735,0,1
6,0,0.8828400409319418,0.012125271213239065,0.004469406513511567,0,1
4,0,0.817143532157832,0.0894468760475444,0.003087469824814775,0,1
2,0,0.7671177197509851,0.006438410592868083,0.00843152474741271,0,1
3,0,0.9354736463352187,0.007916700047536208,0.011608200463559452,0,1
3,0,0.903320979874235,0.006085915180478074,0.0037536126864195496,0,1
7,0,0.86605868863484,0.08026768546375701,0.008121237501048081,0,1
4,0,0.8127102323266251,0.05024022197071833,0.018136212099625657,0,1
10,0,0.7144996419366972,0.05699094466892392,0.0021903498388471834,0,1
3,0,0.905378815034898,0.05858822449895921,0.008185454572923682,0,1
6,0,0.8285777821285514,0.05914798860744082,0.014095534582299016,0,1
8,0,0.8185035010041091,0.05927796939767489,0.0005763080210721139,0,1
10,0,0.8508801811249747,0.011914819347259398,0.016449847530121117,0,1
7,0,0.7233135927066672,0.04731732580213538,0.0015881648859552965,0,1
6,0,0.8010378366177439,0.09464728292974468,0.00950075417540773,0,1
6,0,0.864282395825403,0.04140671665768363,0.0014063318543550806,0,1
4,0,0.9673878780110192,0.06554275011031041,0.005819790301048404,0,1
3,0,0.9125779922866009,0.008970487704196783,0.0024913509550923106,0,1
8,0,0.8072046074993777,0.040479540586173826,0.010979652980497388,0,1
6,0,0.890089731179834,0.09042663084858686,0.013977184610597883,0,1
4,1,0.7045518952515504,0.00496687059008093,0.012322124134057597,0,1
0,0,0.8214837342396585,0.035844944713356364,0.012371558317310124,0,1
7,0,0.8727305744656852,0.03109947020119537,0.01344117382770978,0,1
5,0,0.7118983914922811,0.06409941161261559,0.001479681001834381,0,1
2,0,0.7065824402792692,0.018612224452875605,0.002956675891375653,0,1
5,0,0.7920297461958854,0.05087530926261469,0.010199090120052283,0,1
3,0,0.7554999092505938,0.06054527661379177,0.01502362322998317,0,1
1,0,0.8681794212123337,0.0805699185335282,0.0006438029969993653,0,1
7,0,0.8563239088312049,0.03844330974291502,0.00762215273890234,0,1
2,0,0.7905272671750692,0.02316809654233646,0.019424836657607022,0,1
7,0,0.9681272524831139,0.018250222300057486,0.005925048997053391,0,1
5,0,0.8158203800355177,0.047605119393048456,0.019948054138860683,0,1
3,0,0.9263281087479784,0.00868364204400115,0.00767902931578278,0,1
6,0,0.8431018379073187,0.06872384143378016,0.0158672002447336,0,1
5,1,0.9963097578283249,0.06748696059036596,0.0018844857032898333,0,1
6,0,0.7217546489012687,0.030830110386820844,0.0024334378600775054,1,1
94,15,0.21054157596803175,0.49444782231355655,0.2643511740940827,5,-1
6,0,0.7490092065702731,0.04104418903391163,0.002439488686051903,0,1
4,1,0.976004733098802,0.04333512069306394,0.01619721265610718,0,1
3,0,0.7700712694140212,0.07259224369960053,0.0027123323708603242,0,1
4,0,0.7782374156573364,0.038259351450100454,0.016274771212576734,0,1
5,0,0.8879095323642717,0.02939786307580683,0.010185485835248668,0,1
3,0,0.7915336419035227,0.031216169399356532,0.009484830235406099,0,1
6,0,0.7690550474002005,0.007209906915017994,0.005763435330948675,0,1
6,1,0.8468335543693744,0.009658723026894567,0.013453762791847181,0,1
7,0,0.8115641513765773,0.05398435225427023,0.0002699454176854133,0,1
8,0,0.906902260330853,0.0859357478516452,0.01427684560099653,0,1
10,0,0.9730681597847342,0.06333579119730955,0.003624565783675402,0,1
6,0,0.8875068996794476,0.06686023805608377,0.00346079532277352,0,1
6,0,0.965770713304769,0.05967039731879612,0.002552183655289835,0,1
7,0,0.7324559971973982,0.02514659704910759,0.007459018412816041,0,1
4,0,0.859803317977375,0.06487259034753788,0.01934236708989965,0,1
4,0,0.730637109406064,0.07744809584543674,0.013604408077172786,1,1
83,17,0.3656328481048308,0.4111891651378352,0.363530319592578,9,-1
5,0,0.8325896065934146,0.09805271682972928,0.0056598367533049945,0,1
4,0,0.9752220778278246,0.03983100570133833,0.005592766561034536,0,1
6,0,0.8726793246300386,0.06231148401627745,0.01809008282436158,0,1
4,0,0.8123148354143856,0.07322942661400873,0.007810952934489197,0,1
8,0,0.8565368233733397,0.02298389957986954,0.006528910502816654,0,1
10,0,0.9833193085030425,0.09026711702750369,0.009958771270242668,0,1
94,13,0.339218624654996,0.9307763448588469,0.5007097083470986,8,-1
7,0,0.8259957395367851,0.08294600939812219,0.004087992377518787,0,1
4,0,0.7320070211647813,0.04946851488165819,0.004791026981862492,0,1
3,1,0.8273257477502924,0.08064003601313298,0.01496468982866389,0,1
3,0,0.9233701585630949,0.07143425330544813,0.010562142519501104,0,1
5,0,0.7931090127652238,0.09123530869891383,0.0006104843187006437,0,1
6,0,0.7058587840890757,0.034762780143899434,0.011593378259552551,0,1
3,0,0.9210281784196299,0.0994368976366794,0.010618874621447295,0,1
4,1,0.9288017271929663,0.06356401098079596,0.004899604318676845,0,1
8,0,0.9819479927932744,0.03628638298967051,0.015262934203282718,0,1
7,0,0.9853196320432491,0.009595852986317432,0.008169755063628688,0,1
4,0,0.7736552171465378,0.014499295781975341,0.0001700628348190847,0,1
5,0,0.9719245397921318,0.049127291810447185,0.00012085393716133819,0,1
3,0,0.7339677376753653,0.00759886518955416,0.018609832437528687,0,1
6,0,0.8591911769996956,0.07389715319532895,0.005156180969343858,0,1
5,0,0.8250169843408002,0.011938350385867337,0.011871001790086743,1,1
5,0,0.7184209057886067,0.04776135697110965,0.0013893405882442122,1,1
6,0,0.9621871368242034,0.021351136812102513,0.0198239602063838,0,1
4,0,0.9463426380696038,0.09035081053570587,0.005433336133660294,0,1
36,4,0.24333265289256345,0.6629546549840342,0.27127065279462603,3,-1
2,0,0.8931983418562595,0.03599988094397729,0.014273443740189741,0,1
6,0,0.9063556555126461,0.019963064867317127,0.007531206631248355,0,1
4,0,0.7172775486249545,0.015061856011323739,0.013808282817904258,0,1
5,0,0.7385188515406754,0.07169988580831188,0.007151277573992096,0,1
3,0,0.8755991625670186,0.038083588018280906,0.006462898888707605,0,1
2,0,0.7611109874969728,0.012503161560862253,0.012367909688509147,0,1
7,0,0.8027368855889905,0.0077004933202194596,0.005527616422125372,0,1
3,1,0.8787504690702167,0.08881136551803771,0.004988317628046608,0,1
5,1,0.9488477909455069,0.06653892371680176,0.0007366498302950619,0,1
5,0,0.9991276052830746,0.05928120653514998,0.01818348597479362,0,1
7,0,0.8823562453323374,0.010278557855729642,0.01651633833508729,0,1
6,0,0.8309053971889567,0.011387000260536484,0.013843725767602342,0,1
5,0,0.9069326367988209,0.010171844403962904,0.014712162130042332,0,1
5,0,0.9087485546086456,0.05386724999816228,0.005372232798209218,0,1
8,0,0.736075532045973,0.05782046056765962,0.018045099387533705,0,1
5,0,0.7907366139493032,0.09623717543033818,0.014501862221391298,0,1
3,0,0.9334270671546222,0.006430153089128432,0.017063247841003965,0,1
6,0,0.9335625445258353,0.06296257182641683,0.019621096768206198,0,1
5,0,0.8658520026292158,0.060316116013687686,0.015138002708574776,0,1
5,0,0.7109829147526602,0.06616114965083923,0.0096212529069201,0,1
3,0,0.7453300477523795,0.04760441828876014,0.008497241160270575,0,1
8,0,0.7846334818310793,0.05880477183456378,0.010045338777043989,0,1
4,0,0.9501725121773558,0.0467312378155068,0.011993088500929585,0,1
6,0,0.8494505247062035,0.06006129769105182,0.004169455578014316,0,1
6,0,0.7357282990560264,0.04309367317846477,0.0041626779483761875,0,1
3,0,0.773823581485665,0.005236037419440754,0.008288137113410643,0,1
25,16,0.2782872916558744,0.5676024647405589,0.48918029577205524,3,-1
8,0,0.9455119161609684,0.003332879497625596,0.006534573811750124,0,1
0,1,0.9714755261032801,0.02526742119575769,0.007730845003456013,0,1
4,1,0.8590657143462981,0.00811817053916929,0.010430860655363632,0,1
7,1,0.7654746497534713,0.0011054398697009527,0.0025255177555025088,1,1
10,0,0.7585861453048028,0.004812622761485097,0.007169677463168453,0,1
4,0,0.9918613974465716,0.005496406137865184,0.012858824240499672,0,1
3,0,0.9969078603359567,0.03190272683733495,0.018997899600372483,0,1
4,0,0.8536002569842479,0.08627799113025007,0.01999017591327549,0,1
4,0,0.7228102189925903,0.003443596964652218,0.010559430196167318,0,1
6,0,0.897685254101634,0.0994072138049325,0.009778056773080013,0,1
3,0,0.9882658387674921,0.01599290385763392,0.01709064739171573,0,1
3,0,0.7935663052644842,0.004779148387012145,0.0038370228574371047,0,1
7,0,0.9769867804708859,0.0027493331627570063,0.011976998726122337,0,1
5,0,0.8182813104352842,0.029811555339410347,0.006586748238938014,0,1
8,0,0.9177594132479419,0.07703361216968224,0.01894238376494161,0,1
3,0,0.7347603982574157,0.04101497198886398,0.0037186878896453422,0,1
6,0,0.7525421901658449,0.01222530362902289,0.005686902038898747,1,1
7,0,0.9515333158516643,0.0054673071977554555,0.015479161595661805,0,1
77,7,0.09597252965149959,0.4124927611873175,0.6341068154178882,3,-1
8,0,0.9696018266690913,0.0778476829116237,0.0018118881149513323,0,1
7,0,0.8212933294061318,0.03378430523668544,0.013527536713098245,0,1
6,0,0.856018772555384,0.03326245332068397,0.013557023686136696,0,1
6,1,0.7903496611003777,0.025808046135792073,0.002055108846411784,0,1
3,0,0.7851754872755167,0.0557745140442896,0.00019046711227912238,0,1
8,0,0.7081862951951696,0.089447805558682,0.015917286283544697,0,1
7,1,0.9555961654554312,0.04101379857214415,0.011752513568955243,0,1
4,0,0.9470585127943741,0.011288381849184759,0.003528151721397241,0,1
8,0,0.8989953531023442,0.09675191878052408,0.010262451256109157,0,1
4,0,0.7887949641148624,0.027607191236586327,0.0026881225377557816,0,1
6,0,0.7349640063145592,0.02344014537237358,0.0029901261974759397,0,1
4,0,0.7651432473519756,0.07712010290366336,0.0025207606133758275,0,1
7,0,0.8951437195834513,0.032112203305813915,0.004400798477092423,0,1
4,0,0.8248562982801086,0.03416983404902229,0.019548409492137393,0,1
5,0,0.9070779225379242,0.031115671673080905,0.006840676797409153,0,1
4,0,0.7465282812582128,0.06715277878140677,0.0182318634711489,0,1
6,0,0.8199928447261426,0.06188063073304237,0.011045509051608242,0,1
8,0,0.712250063605919,0.09409989278250971,0.00046677365661294216,1,1
7,0,0.8880145240311547,0.044982327571795225,0.01085789962713243,0,1
5,0,0.9646599335852409,0.008572296842928229,0.00043360023333923527,0,1
3,0,0.9552437999410366,0.08692000880648071,0.008147666516088677,0,1
7,0,0.7419130571947474,0.014693799594601265,0.015366305958564433,0,1
2,0,0.8082401179777507,0.0976209605796433,0.0037446767923065894,0,1
4,0,0.9242734358427925,0.08383456742961048,0.0017689229387817564,0,1
4,0,0.9731548029796019,0.08711964372184074,0.011205109100023146,0,1
4,0,0.9317505897054119,0.05925903474444619,0.005057045399652278,0,1
4,1,0.7156089540849535,0.06895972903277331,0.013872990287793097,0,1
3,0,0.7921625160469571,0.09625287065865554,0.012627506152083091,0,1
7,0,0.9751154776121138,0.047545634616202405,0.004166229552843492,0,1
10,0,0.9215176495858428,0.06059862702650573,0.003710908001559059,0,1
5,0,0.8784804530492119,0.001859205862303337,0.01929611839697857,0,1
3,0,0.8083271736985878,0.024511905717234352,0.0056602760616189475,0,1
99,15,0.3569320158808739,0.886275879808573,0.6115888155759455,6,-1
5,0,0.8313958064685898,0.04071369938772773,0.016330661971344095,0,1
4,0,0.8370697212743472,0.08108609695187914,0.019066249919576058,0,1
4,0,0.838625381387469,0.062354954941763574,0.002954971568282285,1,1
5,0,0.9336620944767888,0.0003247928261508881,0.0005394923971172805,0,1
5,0,0.7944633177753249,0.051897385594438766,0.014648435518586736,0,1
8,0,0.7736231776262384,0.025367615159513014,0.010837910335339656,0,1
5,0,0.7976553944893795,0.040231132117416205,0.004197553433375785,0,1
2,0,0.7114278134768586,0.03719294555328541,0.014936543509261418,0,1
4,0,0.8261645797360155,0.05412306587611441,0.002990066311604567,0,1
8,0,0.8462548134504243,0.05855571873198685,0.01695588446056033,1,1
2,0,0.8301184839323829,0.012905338650940613,0.005041187037391151,0,1
4,0,0.9333829908482277,0.019510580567282755,0.017663137773241085,0,1
6,0,0.7512711385529584,0.08317211254931858,0.009283917332898945,0,1
8,1,0.8923258851878975,0.04186338560479791,0.00877571708477842,0,1
8,0,0.9338097507243628,0.028710396668811058,0.007747251676427025,0,1
5,0,0.7244176174053875,0.02113666438151132,0.001497372588453494,0,1
7,0,0.9911862537060537,0.07256976947831409,0.003379858497567494,0,1
2,0,0.9887956420682282,0.06306310471541632,0.012424797856187378,0,1
4,0,0.9990464349688548,0.03218796508861206,0.006525509823024773,1,1
5,0,0.8686669749532632,0.006970468270673458,0.006398217531232509,0,1
6,0,0.9322900353340453,0.04012291809806058,0.014138582703763702,0,1
6,0,0.7671317707255619,0.09803291328763811,0.00419652071897434,0,1
6,0,0.9135001530957036,0.045364123144370855,0.00992921756900825,0,1
3,0,0.852164104503427,0.006644163181790031,0.005085898291153983,0,1
1,0,0.8771311842336744,0.05969251357296543,0.013995878842496333,0,1
7,0,0.8643743331029947,0.07975209993180093,0.008248075134731844,0,1
29,6,0.3995353940229481,0.7883918737738524,0.7932572826419761,3,-1
3,1,0.8617024712680899,0.08440409134460755,0.016389335029888433,0,1
4,0,0.9176695591992603,0.053438796428576685,0.011939024343214715,0,1
4,1,0.7522604526029448,0.09366882392848946,0.00428687969505968,0,1
6,0,0.8116775925684256,0.021150658797736244,0.015823733744687277,0,1
5,0,0.882442882714945,0.020236356032178937,0.005706387225760747,0,1
2,0,0.7982655294522285,0.021753117379436717,0.013311243124242424,0,1
5,0,0.841124042813443,0.08782586914391466,0.008993164488854849,0,1
7,0,0.7154083219098144,0.09656358287081146,0.019736608686123494,0,1
5,0,0.962484997447084,0.054485525711930195,0.008129634006300245,0,1
4,0,0.9816314833043169,0.013257286726953045,0.01680843385081589,0,1
7,0,0.9511442293975352,0.09692692443485262,0.014628438947228657,0,1
5,0,0.8065498574172125,0.021852600075476316,0.01957505431439018,0,1
2,0,0.7399655782120369,0.036653905440895605,0.005511116307438122,0,1
4,0,0.9394939401290041,0.05927707197430224,0.006114903886028014,0,1
5,0,0.8808689018339221,0.0315915282455636,0.01842681119609843,0,1
2,0,0.9557043402857914,0.09620584480276383,0.006708868130004726,0,1
87,9,0.16704414071841134,0.6057002297488003,0.6050064156085008,7,-1
5,0,0.8964928969186078,0.024335451991828228,0.017414002217968415,0,1
3,0,0.9924210841772523,0.09284207109439263,0.006398977247031748,0,1
7,0,0.935498852017666,0.05432678415984154,0.016776351444136754,0,1
3,0,0.914787671241819,0.03428451068821686,0.017818201934442748,0,1
5,0,0.9964865768061718,0.038620292454588104,0.00947047929939923,0,1
5,0,0.7870460904879923,0.08085316757722866,0.00955327284509814,0,1
5,1,0.9754684167089821,0.09267477713451683,0.0008199152367606799,0,1
3,0,0.9465013793104048,0.007903267573291206,0.018692534650551568,0,1
6,0,0.8202589538459142,0.08215085168980919,0.0021259423062343565,0,1
50,15,0.1032816558506571,0.6108125309496661,0.5248853453802103,10,-1
2,1,0.7175856911840741,0.03886130608930408,0.011385822539422807,0,1
4,0,0.9404525118200427,0.07982343138738139,0.0020835614501601386,0,1
6,0,0.7509385014807037,0.027973074680761503,0.01111749383653429,0,1
6,0,0.9381713200398072,0.05532368711396227,0.003426315076655964,0,1
4,0,0.715480762932694,0.09229811327341478,0.01805957058259106,0,1
4,0,0.9847383042749219,0.007942369963257645,0.012070210828520275,0,1
2,0,0.9209318926339807,0.04208985224757194,0.001879474888167656,0,1
4,0,0.8702612102606255,0.0043589577317211916,0.01577669307050367,0,1
5,0,0.983106125994015,0.0785093306497992,0.004597869811361579,0,1
6,0,0.7888645784955116,0.0057736279650981055,0.01618634751251115,0,1
3,0,0.894453867479612,0.06674431761818748,0.003666460844499215,0,1
4,0,0.9227611487366396,0.06621653546947076,0.01432323769213441,0,1
6,1,0.9318419222225969,0.02307839225136752,0.007104660641330802,0,1
3,0,0.7579495633365313,0.09846973894715495,0.005179296658004076,0,1
2,0,0.85883945559144,0.01395546045635644,0.014197995954557464,0,1
6,0,0.7833992302059813,0.04053247076766373,0.006651645809867228,0,1
6,0,0.7491117454415257,0.04649550236177305,0.019517723760397305,0,1
6,1,0.9163195321908661,0.06925175092535178,0.0106635518752059,0,1
3,0,0.9886784995413698,0.05630047639806971,0.0059572897445017686,0,1
3,0,0.8302875308290891,0.05724190639654966,0.004901900146097842,0,1
5,0,0.8327611647331881,0.06470622070490493,0.010453727823325223,0,1
2,0,0.7700535575779793,0.07044318206475954,0.01806803710251467,1,1
3,0,0.8362280633812997,0.08316534876101951,0.0011005542794473478,0,1
6,0,0.7336330462565258,0.005993043311889179,0.012471308123345362,0,1
6,0,0.7882089214465313,0.003419648557083299,0.019342326550204954,0,1
53,7,0.13843317017621487,0.47802053926708393,0.2299961705029499,6,-1
6,0,0.8653493804420958,0.00662395020883535,0.006588694766765202,0,1
5,0,0.8643004703537038,0.09016738252269851,0.019287057932803317,0,1
5,0,0.8362803229607867,0.07848799094992823,0.0035963113996204756,0,1
4,0,0.991698613093118,0.041031555147388966,0.0013674175862117967,0,1
3,0,0.8162075469123882,0.04008632388049265,0.005986402182784722,0,1
6,0,0.8566641038883174,0.09748077672500774,0.0033851904840809157,0,1
5,0,0.9081031109355766,0.052462110161937484,0.005667179939247598,0,1
5,0,0.87341203348864,0.051266144536729744,0.011048208934310522,0,1
7,0,0.9414087355119498,0.012656502381398038,0.01688634482812647,0,1
2,0,0.9457855122226067,0.016625942830139653,0.018219940444881292,0,1
3,0,0.9639570306527963,0.056234788893532006,0.016454544424946944,0,1
7,0,0.8955972561597565,0.03508503457684869,0.010285536490841487,0,1
2,0,0.7183321235406799,0.009976803385080635,0.0070060611042594865,0,1
2,0,0.966921692869126,0.026242998505731807,0.013621820794596942,0,1
7,0,0.9774306059307705,0.017930226474164448,0.002585927423427148,0,1
3,0,0.9137632795859779,0.08918384573447827,0.009050494484454377,0,1
6,0,0.747847190149363,0.08581626771823575,0.008654525518668792,0,1
4,0,0.8719778710792849,0.03373178260096741,0.012064826427896231,0,1
5,0,0.809968515961447,0.011601851127913954,0.010473532456082272,0,1
4,0,0.9069554886238904,0.061909444219360205,0.01941428108842669,0,1
4,0,0.7990774745106567,0.07127527551936957,0.009596403628148802,0,1
2,0,0.9313022315829655,0.02606771268344865,0.01687128584282618,0,1
4,0,0.7886843080632537,0.010902316071949315,0.01046305798627872,0,1
2,0,0.9813965583166169,0.08706235634113133,0.014507508266491496,0,1
6,0,0.8780030971565415,0.09028647937916409,0.002931240056287294,0,1
4,0,0.7507215407670295,0.04612024721321361,0.002048773795321612,0,1
6,0,0.70095019424152,0.0458733327136742,0.008215268797815114,0,1
2,0,0.8434496089830075,0.023207908818802216,0.010811974121113238,0,1
5,1,0.7646989479452242,0.07722766257019431,0.0015316186273522758,0,1
6,0,0.9841328842436767,0.051601754341762986,0.0026628811826680866,0,1
7,0,0.8635786381740571,0.08308351454680962,0.015747572071801993,0,1
4,0,0.8831612281920197,0.008796578101305774,0.01114346333109881,0,1
8,0,0.7149540622343362,0.08201440679518701,0.013522993568447295,0,1
8,0,0.8396560015942448,0.08340444162214823,0.0006236172826952569,0,1
5,0,0.745770558019801,0.052789638404339256,0.010331226529704626,0,1
6,0,0.9029974913484954,0.04858233671513007,0.0019043615813881655,0,1
7,1,0.7293108903049444,0.04046927214478771,0.009012940618356292,0,1
6,0,0.9734183610421852,0.06250132491160458,0.0067749759127888436,0,1
0,0,0.8809133707898644,0.04739147504020215,0.019718831324441626,0,1
6,0,0.9596725188091363,0.010345828370495302,0.003342355931828014,0,1
4,0,0.9542368055690058,0.016250515605918236,0.01723981226355762,0,1
6,0,0.9042451269860607,0.028344585950544544,0.006276323891979363,0,1
2,0,0.7648555997136003,0.04989128732895759,0.015156479880609093,0,1
6,0,0.8297450164598326,0.041409593274263384,0.0073118568575115655,0,1
3,0,0.9632345450952928,0.01993647317471632,0.014671615777718763,0,1
3,0,0.9729823160177107,0.02714843468191125,0.002616882082005205,0,1
7,0,0.9148405189460709,0.024850232750227352,0.012286590821214612,0,1
8,0,0.7047221833350154,0.06430935582189974,0.006241460365908449,0,1
5,0,0.7070132726186332,0.0988055718624109,0.0018424521629214709,0,1
4,0,0.7140280041433499,0.09626416629468813,0.010697075350909288,0,1
6,0,0.8569182726919156,0.018912933682570666,0.003865384538063297,1,1
5,0,0.8143242311926917,0.025032844380203225,0.006923618508194041,0,1
6,0,0.9918573188454225,0.09497871013080066,0.0039829423304023285,0,1
6,0,0.8581860172101052,0.026650983724399835,0.016227724471759918,0,1
5,0,0.9149647204069875,0.0060753729588020056,0.009547280487684065,1,1
7,1,0.9167951003984666,0.043885502816800585,0.007005137896069054,0,1
4,0,0.7305297389654096,0.06418875771484793,0.019217487120425442,0,1
3,0,0.8174054016101739,0.0241301642254964,0.006909235461265575,0,1
6,1,0.9790718473129161,0.06278124290700053,0.015371819175396135,0,1
2,0,0.7875555897749769,0.06982692319477085,0.006371042750062057,0,1
10,1,0.9917858389668919,0.06376642845894569,0.011207525317641503,0,1
5,1,0.7702957324144079,0.07500221903877807,0.013280432134399585,0,1
5,0,0.7845552875558469,0.04768612917912745,0.01813000553026814,0,1
5,0,0.7175437790847734,0.07883273956211774,0.016596776900464502,0,1
6,0,0.8320837512522355,0.08030461265598736,0.0032015232498672085,0,1
6,0,0.7525593562714483,0.02992728927440308,0.0023812548972509395,0,1
3,0,0.9140102660692211,0.07131539838929911,0.012237029670634572,0,1
74,15,0.2190108147036407,0.6490079981618537,0.6250268934625192,5,-1
2,0,0.7058298017225493,0.09877295553064412,0.017191847824947707,0,1
6,0,0.9858460185350745,0.049950176999895485,0.01583792903323616,0,1
6,0,0.9086531429374824,0.07229141822013851,0.01823178775345461,0,1
5,0,0.775301853632312,0.099681094032579,0.01390757068011968,0,1
4,0,0.814230271647316,0.096379071446408,0.0074402488229193976,0,1
3,0,0.9087275013976541,0.09067894038860252,0.009850233166672677,0,1
6,0,0.934613890888897,0.08616672586782534,0.015668709383331418,0,1
5,0,0.8642260155619168,0.06853952459095386,0.0077339541989481075,0,1
3,0,0.8415623760313873,0.075265400121128,0.005364007241764383,0,1
5,0,0.7368222839376948,0.04013128277437509,0.013947253807229306,0,1
5,0,0.8481157613386316,0.07555707030995243,0.019446773566877615,1,1
1,0,0.8954757706803416,0.0499462134172914,0.012681800687236606,0,1
7,0,0.8053941762465567,0.09470357878370544,0.0006648064997322023,0,1
5,0,0.8880410890736419,0.06851785781802198,0.009940019164693725,0,1
6,0,0.806219758538075,0.06486830449042336,0.014822710307409408,0,1
5,0,0.8046371765596063,0.06180726797216618,0.0164406509368473,0,1
5,0,0.9571353851871705,0.06545144667421172,0.010132984833574101,0,1
3,0,0.9956488814176256,0.009238490699624414,0.01002623399750041,0,1
4,0,0.8152952906375115,0.08997410909797443,0.005685373859891043,0,1
6,0,0.7600145899460896,0.034804107044879344,0.001820793384194761,0,1
4,0,0.9916549825715779,0.026344340748754094,0.003236282809956146,0,1
8,0,0.7992928208312413,0.08145369608625924,0.014193646461146226,0,1
3,0,0.7655411293058391,0.059754437452722,0.012242188188126741,0,1
3,0,0.9106192774081859,0.06245575025120912,0.019626974341743125,0,1
6,0,0.8746027842645738,0.0547018614776702,0.011321083121721063,0,1
9,0,0.9951286403706706,0.01282482056450649,0.006095236024534001,0,1
5,0,0.8013676433780381,0.02400958962784876,0.0018491993184551459,0,1
5,0,0.9774416437574941,0.07813865697237005,0.0008077798182499163,0,1
7,0,0.8439060263861458,0.07385232465713937,0.0007529008223352607,0,1
8,0,0.7452927044541642,0.02989191592840769,0.013044456488864565,0,1
4,1,0.8511032720263187,0.05867703924938955,0.007194817390050463,0,1
4,0,0.8506384287356874,0.07965420660296459,0.00333047725861773,0,1
1,0,0.9079333178641171,0.04523448529996449,0.018722520417636015,0,1
7,1,0.7697705623219994,0.006526173706265903,0.015482142407520817,1,1
6,0,0.9889192338289061,0.006041199169449419,0.01393887251679407,0,1
7,0,0.8991700276348873,0.08003404076738424,0.00032530148234886534,0,1
3,0,0.8022218067133038,0.04451996462706344,0.01999391218709521,0,1
7,0,0.9339053096096734,0.05552030889142896,0.004671805165087279,0,1
100,14,0.25284827358386125,0.9247781390972476,0.39014180265692866,10,-1
8,0,0.8023132405570628,0.037133335842734615,0.018352429399133178,0,1
4,0,0.8555074798905801,0.05055944016908456,0.009107354089309619,0,1
2,0,0.904488249507933,0.025912010427142286,0.003899279282474182,0,1
4,0,0.8803388229790806,0.008360228102441403,0.015329104919953974,0,1
5,0,0.8026339236675852,0.02498649427193668,0.0010840161768406653,0,1
6,0,0.9272648071431668,0.05122230574475389,0.01556481527252891,0,1
2,0,0.9991340902038217,0.0409238397047462,0.007855259618951553,0,1
6,0,0.9381816119595869,0.023984174848088957,0.002495959839723132,0,1
3,0,0.9537175698736367,0.030881891358884528,0.012195851545823125,0,1
10,0,0.8363510802947806,0.06802726189658029,0.013787613366730008,0,1
7,0,0.9892062168871685,0.05763706098555443,0.01667762520520754,0,1
1,0,0.8533312919542854,0.00017050315022650866,0.009055109025498312,0,1
2,0,0.7026043627678925,0.022006771475486187,0.01448806000635782,0,1
10,0,0.7824973389369756,0.0109014744534506,0.004111793224944871,0,1
8,0,0.9564049624278605,0.027418916794924766,0.004070694358408549,1,1
2,0,0.9798868126426235,0.03207040933635693,0.013744300823622296,0,1
8,0,0.8152691614118046,0.062088970459935146,0.001723576548560719,0,1
5,0,0.7040842441768302,0.03267556753320152,0.01962359906377951,0,1
5,0,0.7211976378023158,0.027622731356527343,0.015059621479523935,0,1
0,0,0.8405289821485752,0.008181890456473806,0.016270976248765348,0,1
5,0,0.7521537993469458,0.06718419718044676,0.010696561564802294,0,1
2,0,0.9044337628359462,0.014909789446939492,0.0010461370701937134,0,1
4,0,0.8940780093897056,0.06678145728199314,0.014155838547523539,0,1
2,0,0.7962595135071909,0.07510537912135339,0.018410052522672363,0,1
9,0,0.9379719099521705,0.06198622628301031,0.01512849072638502,0,1
4,0,0.8515086314160998,0.09936980301271583,0.0019625319317378076,0,1
4,0,0.7938754811965658,0.0009725875131194384,0.01796637586655972,0,1
6,1,0.8955985421990716,0.07308940540866952,0.019781927549138455,0,1
4,0,0.9952529928684646,0.033950590727184385,0.0022215392910156107,0,1
6,0,0.7458987360034524,0.08988857538621453,0.01794845142456691,0,1
3,0,0.9620023922813798,0.039905121867115416,0.007718570325863279,0,1
9,0,0.7843884386584734,0.053446149474180804,0.014917590906415763,0,1
4,0,0.8081378161320254,0.03564811586605511,0.01819249058824363,0,1
4,0,0.9736204179664956,0.02735715735552742,0.016914137273040926,0,1
4,0,0.8464187379740415,0.016801773829702615,0.01718723191382152,0,1
5,0,0.9821592150045896,0.049174685010416025,0.009347849224409552,0,1
3,0,0.7374711715972608,0.042588346446502924,0.01680465959095255,0,1
4,0,0.8230940882928813,0.03675395886521824,0.013229860408286352,0,1
7,1,0.8099178000144416,0.014513969326614064,0.017821216745050925,0,1
2,0,0.8685080124554424,0.053196896077918346,0.012596883537590033,0,1
9,0,0.9570291662618389,0.0934620840353908,0.0014379068102901393,0,1
6,0,0.9603939317319243,0.0814097006967236,0.01632505423060831,0,1
6,0,0.7657284468100346,0.018757315781875672,0.012344259560885536,0,1
7,0,0.9453539329181291,0.028050450837749066,0.009049997016399618,0,1
5,0,0.8471580211076419,0.09746231168075657,0.013631081462869073,0,1
3,0,0.727589370195254,0.07841322586084434,0.00169527320449127,0,1
7,0,0.7415863190102469,0.0793927275234954,0.0072843408949656,0,1
1,0,0.8345547121654695,0.023113186062560288,0.014452417499770803,0,1
3,0,0.8679821317110029,0.02938429187596653,0.0038963206652536963,0,1
11,0,0.7134943413236524,0.0783480148508811,0.014340545924361618,0,1
1,0,0.733470697715448,0.04221215570501818,0.012482763165562037,0,1
3,0,0.8819035916453835,0.0660117096125154,0.0038409953279207533,0,1
4,0,0.744726930618615,0.009422808894086766,0.005443982785531309,0,1
6,0,0.7773477087807819,0.06834991544663781,0.012038499052139436,0,1
5,0,0.7998134745797122,0.057195110161919784,0.006776208404613549,0,1
9,0,0.8848890000678229,0.03654541591882737,0.0073738882349054504,0,1
2,0,0.9553310337895436,0.04775565995631801,0.005432341054299341,0,1
6,0,0.7630224870370234,0.07277210963267101,0.0004822471909565196,0,1
5,0,0.8893737162284857,0.020271659651068752,0.008185245653995357,0,1
3,0,0.9767194082297527,0.035561683020557025,0.014112052324573994,0,1
3,0,0.8250609350093312,0.02719571149103285,0.014364885398953005,0,1
3,0,0.8526464345472985,0.025322330751338964,0.006448443322269075,0,1
87,4,0.2039456606392719,0.621537217393002,0.5980760588778488,6,-1
5,0,0.7268547099384656,0.06263023324067366,0.019295675154908196,0,1
5,0,0.9497477110168433,0.027521992343808557,0.01622159587471347,0,1
7,0,0.9165459211631632,0.030271406007316072,0.0047321868518194555,0,1
3,0,0.7039075840938773,0.04228034724488185,0.006844526178545351,0,1
6,0,0.8236519140428835,0.020771552172469145,0.013000673684740971,0,1
5,0,0.7570282269064245,0.041640927947780605,0.00753394518587021,0,1
4,0,0.7465989901954564,0.060586684751188835,0.00711879420034605,0,1
8,0,0.9320443610135626,0.005476377752582551,0.0065950618457553106,0,1
53,7,0.1880010455111481,0.8404560918083352,0.6592735552698763,11,-1
6,0,0.7516794443067364,0.055825963124859934,0.015102535786682624,0,1
8,0,0.8220861347422767,0.03718128729306647,0.009965289985900358,0,1
5,0,0.9870478113247841,0.006487921809393849,0.01418052381400001,1,1
3,0,0.9603066631543427,0.0677869534017454,0.01079826593723918,0,1
107,12,0.252965276824624,0.9472902687138837,0.3124378678040416,5,-1
5,0,0.9587854305278292,0.054947447968549085,0.014941354686203657,0,1
63,7,0.29692711896765184,0.47817204653063006,0.39241462741558253,3,-1
4,0,0.7535895139380655,0.05771771953713426,0.012011967645433403,1,1
3,0,0.8080821159199032,0.04621597136246315,0.005164087856741,0,1
66,12,0.08340398586886699,0.5112775719676544,0.3299793206153093,6,-1
6,0,0.8040739961112692,0.04703396146259821,0.005901404534997383,0,1
10,0,0.7699906862674873,0.02812784500731108,0.010843162150466979,0,1
4,0,0.7139213075737464,0.07932155360131891,0.00241043679584098,0,1
8,0,0.8772058439146756,0.01851516873433331,0.011614975526139612,0,1
4,0,0.8243044325294879,0.00425434849299009,0.017342035018757418,0,1
6,0,0.7685575443120233,0.08640705031454689,0.0004638828085368552,1,1
4,0,0.7854057057398334,0.07095791938782652,0.006069219692664023,1,1
5,1,0.8991669507032771,0.007778520020046798,0.01712178692780415,0,1
8,0,0.9651977650217226,0.02424796313956175,0.005965273861517968,0,1
2,0,0.7378329944010419,0.051556394472149526,0.01640559121341799,0,1
4,0,0.8606346998942302,0.09708912590581187,0.015483973190583731,0,1
9,0,0.7627488050296795,0.0744804752971554,0.004965070630424999,0,1
6,0,0.9739326360758649,0.008665740539417122,0.011973181109729874,0,1
4,0,0.8412398244807424,0.034805228699093416,0.01892087288560851,0,1
6,0,0.799458307309449,0.02709216113100529,0.01082650238182213,0,1
5,0,0.9226537114885469,0.019318391273302284,0.013771685778150336,0,1
3,0,0.7542622114664235,0.0928371843721051,0.001541640527213488,0,1
3,0,0.9853411139325359,0.05260908377837612,0.007787223289955694,0,1
7,0,0.8675959035790028,0.002944251474483151,0.011876501979463255,0,1
6,0,0.7819957959871424,0.07688552706898139,0.0022139119139138307,0,1
4,0,0.7290159500653388,0.03426353916281712,0.007902960164673074,0,1
5,0,0.9086883236209073,0.0476770520606426,0.001037944823702619,0,1
8,0,0.8545838872336255,0.062311948809468456,0.013305627865131191,0,1
6,0,0.9570081409979694,0.073086082304457,0.004390620396312388,0,1
4,0,0.7322035873503729,0.06331189552850368,0.015534947323677816,0,1
7,0,0.9501091650982079,0.06698050412383195,0.014937966704836672,0,1
4,0,0.8212978368548436,0.08598958602598797,0.007062661502868248,0,1
10,0,0.7101533112499008,0.005622743011546117,0.001747538318135815,0,1
3,0,0.9549734305276414,0.02012013468444066,0.00011835077195384125,0,1
5,0,0.8909306033720441,0.05447248766557845,0.00335164966648039,0,1
2,0,0.7785229516549307,0.09486101697909433,0.015483337701374547,0,1
2,0,0.9186284374997151,0.06293503683763735,0.0013967390621913922,0,1
0,0,0.9451882784765965,0.07648895286111439,0.0019505198059361795,0,1
5,0,0.8651149705925119,0.09835203077227346,0.0010440941919019652,0,1
1,0,0.9391503316676121,0.05623727823711995,0.00027780269932536016,0,1
4,0,0.9298716705239267,0.0437085865959426,0.006109775108006994,0,1
5,1,0.7847772497612597,0.020673530564157383,0.004447631603581857,0,1
7,1,0.9586019416805764,0.09672034558421935,0.01913169721450599,0,1
7,0,0.9319095696117151,0.04102857106531591,0.008876716496050326,0,1
6,0,0.7464579992564745,0.04524268864667056,0.00011350225705417439,0,1
5,0,0.7118786715397233,0.023299698805295255,0.004818511849431562,0,1
6,0,0.7917989226271709,0.09216142232804447,0.011057336390737565,0,1
3,0,0.7501374584556397,0.0789636252647403,0.019220176978216437,0,1
5,0,0.8840794206308235,0.09266213485719223,0.007887741994832814,0,1
4,0,0.8392675498567597,0.07106573770668566,0.007562166089311744,0,1
8,0,0.856973271792717,0.048453775021405666,0.011860299185445717,0,1
5,0,0.7838583656235456,0.045188249365093205,0.018797119177877276,0,1
3,0,0.7418173521191052,0.07305001678916022,0.01459296416842438,0,1
3,0,0.7981534714057953,0.06577962650257493,0.005748911947811701,0,1
7,0,0.9068467468980872,0.00945287640004956,0.016306836522755396,1,1
5,0,0.7413399316131972,0.07416973763796782,0.01151692115807141,0,1
63,17,0.36165111422797896,0.5314664357266798,0.28208118842188523,11,-1
4,0,0.7927080437861294,0.06179555210432506,0.011679493045765339,1,1
74,11,0.3977922613923909,0.7541578412951512,0.30722523962210524,4,-1
6,0,0.8359376220710815,0.02370629010976806,0.008623292966221274,1,1
6,0,0.75386316123825,0.0675005088582357,0.00874429938009337,0,1
7,0,0.9318534832704005,0.050319407257896576,0.019889551554152455,0,1
3,0,0.9823102911368634,0.05157722876737236,0.012462213751761125,0,1
5,0,0.9812961356673935,0.09816488762882669,0.007932916117102624,0,1
8,1,0.9311646942080704,0.04826524183128768,0.00020347636134957937,0,1
5,0,0.7942044130734505,0.04342835182201517,0.006104145252399824,0,1
44,12,0.1709455635071057,0.505560942788309,0.30084388838262827,10,-1
2,0,0.9414935814203631,0.055773974033111184,0.013430511541164423,0,1
119,13,0.28621068858431575,0.9449825627806776,0.30351503247346096,4,-1
5,1,0.895632502154781,0.09718227002619613,0.0002708864784880416,0,1
4,0,0.8901364596721876,0.06248422975977874,0.011831297252084889,0,1
5,0,0.7112457841376021,0.07424960605073648,0.006979754539933858,0,1
8,0,0.8405684128400237,0.09658850129433423,0.01632382125518613,0,1
8,0,0.8057039235484028,0.045152821487908695,0.015950745211637533,0,1
8,0,0.8506840387805583,0.051804588441139166,0.009732653640897851,0,1
4,0,0.9686426817257181,0.08033775714379213,0.01399140659690819,0,1
7,0,0.9165310831953428,0.0063449303660037875,0.007859032717177838,0,1
2,0,0.9735905739589676,0.048609530319502325,0.0014591577942912725,1,1
4,0,0.923224133231518,0.02359230873276126,0.01584042786358849,0,1
7,0,0.7176413601664914,0.08102484444240171,0.01116599534742609,0,1
5,0,0.9107491350471735,0.08927490045203516,0.006485160013959241,0,1
3,0,0.8052859974182138,0.08200417911986892,0.01864273634615057,0,1
7,1,0.9940278141577825,0.026009243453489553,0.017989565409072178,0,1
4,1,0.8679510408560769,0.04790919210492291,0.012552656442777359,0,1
2,0,0.93039024895237,0.08873655156029676,0.012545055760374015,0,1
8,0,0.9647263625460851,0.08278142443441253,0.015791012031595334,0,1
9,0,0.9229228404348028,0.005803056188362055,0.009054599872418655,0,1
4,0,0.8700789856539053,0.004537725278032245,0.017025447738042095,0,1
6,0,0.912930185182466,0.08838443041843429,0.00956964791505743,0,1
6,0,0.9534485874863745,0.09154513686150983,0.001404318457214524,0,1
2,0,0.7145492106681814,0.045586837160193454,0.0005072355432145637,0,1
7,0,0.7042922469382704,0.008627315773354561,0.009641536464717578,0,1
5,0,0.9779925902600335,0.013215619730432272,0.003379385110396391,0,1
10,0,0.94190529274163,0.0007192956007859964,0.012958380943202735,0,1
6,0,0.9386134933991079,0.043976419502844234,0.017767888350940453,0,1
7,0,0.7845257735025222,0.01577076447119513,0.00270481571249112,0,1
4,0,0.9688247681897777,0.042178148468542946,0.002041222070388462,0,1
3,0,0.9154726078816361,0.0693586082264167,0.015410650940762913,1,1
58,15,0.06713998449993233,0.8922570161445542,0.25993584952253346,10,-1
4,0,0.9306434968714651,0.0025554284649379477,0.004342301016341714,1,1
5,0,0.9094226106194759,0.004360338358621263,0.002412176467038325,0,1
4,0,0.9060277801247394,0.08858242910466235,0.01562625256857209,0,1
3,1,0.8687743161293988,0.05318571093571644,0.010268043706512426,0,1
5,0,0.7941092914209708,0.06839786768204108,0.0019278214498886692,0,1
5,0,0.9827144094202616,0.08048854979915288,0.00951400042510985,0,1
5,0,0.8968526892899251,0.01928311657133415,0.014275809009832226,0,1
7,0,0.8535384982826255,0.048714536278080894,0.004615307709663432,0,1
3,1,0.9047745016427244,0.013668831972388296,0.011020009715228886,0,1
4,0,0.7639368400316675,0.03373808454831456,0.014017089556183297,0,1
4,0,0.9354604935981665,0.08809087649911007,0.019967697600162173,0,1
5,0,0.7640115722064587,0.056402379360218205,0.015571945590147547,0,1
5,0,0.8206823872070693,0.05904913456548047,0.006050476419793755,0,1
7,0,0.9138416777175071,0.038757600040071505,0.003975049543371565,0,1
5,0,0.7210105675993495,0.059290534140526346,0.00847154771163441,0,1
8,0,0.7135774941611654,0.07085615685819505,0.017044696328462547,0,1
6,0,0.9014996649411084,0.027771403251856532,0.003945055554614389,0,1
2,0,0.8225159980053102,0.03322365952468594,0.007742221107047165,0,1
5,0,0.9950245345799283,0.014585555888350456,0.009210732436739514,0,1
69,15,0.11871557839704619,0.8286355904614329,0.5912219620361914,7,-1
8,1,0.8214175934334806,0.0770011389902282,0.00839204041868258,0,1
4,0,0.9765783011891109,0.06728938039892889,0.008076593928893427,0,1
1,0,0.8548185467082932,0.0008994292817431138,0.019463065862905055,0,1
9,0,0.9296375341740591,0.01619829269298243,0.010540786498351978,0,1
6,0,0.9641870547925067,0.09726687900335762,0.012538557652549796,0,1
50,15,0.09533661264736445,0.40727708893103753,0.3066214185660294,4,-1
5,0,0.8801638717003109,0.09285417634273817,0.001079022645482044,0,1
2,0,0.8954777819442175,0.04487638884268347,0.0007274166749446542,0,1
4,0,0.8765822757081566,0.07258743434952848,0.014212509047614117,0,1
3,0,0.818821556175007,0.034084185507806807,0.009060691367114638,1,1
3,0,0.8457965483697718,0.008964126823633923,0.008074815930029731,0,1
5,0,0.9519711863669698,0.017716542126477264,0.004698735538978307,0,1
5,1,0.7010405377730485,0.0992654747252716,0.016550044816033168,0,1
9,0,0.718944760572059,0.08562269417630833,0.0038589798487521244,0,1
3,0,0.8443372070109145,0.007093106837100927,0.015867360693150877,1,1
3,0,0.9563605600905039,0.0879301046589359,0.006422322685983659,0,1
11,0,0.9800686934808199,0.054881533016321295,0.0014865772126587417,0,1
4,0,0.9615006727808537,0.050287547765914015,0.015211703413550728,0,1
4,0,0.9168925580525862,0.07167980293039525,0.009282784047484673,0,1
8,0,0.7066281241314324,0.0010303398453738956,0.016212975951121613,0,1
4,1,0.9024289124174256,0.01217345689692505,0.011490201990497243,0,1
7,0,0.754728005646734,0.09373992755778612,0.015044438435287523,0,1
3,0,0.7416371417052909,0.062028700948851004,0.002831627038261084,0,1
6,0,0.957200393476863,0.023415914505635828,0.01671020309164119,0,1
5,0,0.7114792434967904,0.09376369703165807,0.016299987796912,0,1
2,0,0.8922893187991996,0.053322100230813144,0.010262830264945325,0,1
8,0,0.791109540738684,0.01947937836376018,0.010727625715548727,0,1
6,0,0.7952215987476907,0.0259372533524196,0.0011112494543523588,0,1
3,0,0.7695951511202118,0.04018194070843274,0.019471591084032985,0,1
78,11,0.3029199752587879,0.7121909016777481,0.2166554415324191,9,-1
3,0,0.8450051990166649,0.06075337912780502,0.016671606377239266,0,1
4,0,0.7614661686075326,0.002525456169115592,0.006743300257137837,0,1
5,0,0.8309713369925773,0.04267049008051277,0.00910023571779842,0,1
5,0,0.9447254762371344,0.097548449335038,0.010496967090875855,0,1
6,1,0.9097716983306668,0.03547551711297577,0.018695615826168407,0,1
3,0,0.8831926199895332,0.0020067095406966716,0.012145164107204138,0,1
1,0,0.9713773047559505,0.093514670625037,0.011838637684452064,0,1
5,0,0.7243477747374144,0.06077732238774021,0.015150106019109528,0,1
6,0,0.9635334738853238,0.057132025155603484,0.01888774795452646,0,1
3,0,0.9706401605341015,0.04352722388639413,0.014619300631718624,0,1
53,6,0.2192921843016462,0.6320627466099003,0.723747508498054,9,-1
4,0,0.7317619766717562,0.08884508649323863,0.008400694133265644,0,1
4,0,0.7558801546938682,0.009557537353853063,0.0038719695550973455,0,1
8,0,0.7873829475449337,0.08206425472982895,0.012948762012779998,0,1
7,0,0.9439554010598787,0.030693574379235224,0.008163835635440427,0,1
8,0,0.9101427703964622,0.04837932330545136,0.0023308815563063746,0,1
4,0,0.9587024835891629,0.03912034417144253,0.018191110715506827,0,1
7,1,0.765634204678808,0.024246924330305755,0.009144608114647302,0,1
3,0,0.7772395997595777,0.08190718846115089,0.004730402845464527,0,1
4,0,0.9455650753583323,0.07082108375881871,0.007657255933898859,1,1
5,0,0.8211650700658263,0.06631287382441872,0.019533011113169355,0,1
7,0,0.8103732813448212,0.08948370467062515,0.0033796117846742503,0,1
4,0,0.9956536871165436,0.07667784245332432,0.013542319435631858,0,1
2,0,0.809452318371482,0.06664967409043016,0.0021764780402549434,1,1
3,0,0.9105327311462659,0.01942431214337578,0.01558182507527225,0,1
1,0,0.977446480579351,0.0845901667437113,0.012003052961472294,0,1
2,0,0.7130639733530125,0.011326908315892238,0.017902619396309258,0,1
5,0,0.8838774551568217,0.08510424485859022,0.015403743022096494,0,1
1,0,0.7669837380797205,0.01272431727430331,0.006910150940249638,0,1
82,5,0.06849303322754471,0.6536205921257037,0.7516458601232998,9,-1
8,0,0.8938790131122182,0.028692451375669017,0.008739428672678833,0,1
2,0,0.9256608147851224,0.025376261234499476,0.007584977812821647,0,1
1,1,0.7161660545281492,0.0011116782334373632,0.01815609222894789,0,1
8,0,0.9527867852427461,0.07172054798944386,0.0029986137908002133,0,1
6,1,0.9728913766919968,0.08499845354992086,0.012689629918380237,0,1
4,0,0.7390490781633006,0.006600633581166793,0.0011706347855075338,1,1
3,0,0.9172684711920509,0.0514813290181972,0.006625024939839921,0,1
6,0,0.8751089748410247,0.004690641038115052,0.017553355258670317,0,1
5,0,0.990985614345156,0.05431138867153204,0.014317332161285175,0,1
5,0,0.8990946968512116,0.06102755488893377,0.003457882897893343,0,1
4,0,0.7731890444255689,0.08311879560164448,0.0031356271028202157,0,1
3,0,0.8730459362773757,0.0952824716936136,0.0017546932876178368,0,1
6,0,0.8809162803797446,0.003736566013861109,0.00045762548039367744,0,1
4,0,0.7234364292369232,0.019098203054020293,0.015116762507533495,0,1
6,0,0.9980250115321387,0.0042439725791741266,0.007691478928104991,0,1
3,0,0.9247166836625224,0.0773544184735814,0.008675468033209444,0,1
7,0,0.837884798761585,0.07059757751249032,0.0066986310591925545,0,1
7,0,0.9335738362405648,0.05863625045259788,0.01145181828128916,0,1
7,0,0.8823471316424163,0.0461948048124762,0.008242246939295362,0,1
1,0,0.7626101248425428,0.02230489683220238,0.009979789331931459,0,1
9,0,0.9237894542434779,0.0516444546591304,0.010127526491706012,0,1
91,11,0.15951331932626306,0.47755530323120016,0.5096957880298436,4,-1
9,0,0.8544816038761929,0.018780777755756907,0.004724629906197757,0,1
4,1,0.8607389938560832,0.08109912730552393,0.018586491971224185,0,1
25,9,0.20434251974032785,0.885905714311651,0.7467474064748711,6,-1
5,0,0.7931588708026017,0.04267959360631596,0.009259480237495092,0,1
46,15,0.3028544911370016,0.44185168517740675,0.5947505221082462,6,-1
3,0,0.8229783800053218,0.05667998438047111,0.006558773180719762,0,1
7,0,0.8548905462628773,0.03291092810627322,0.0068417808240135505,1,1
5,0,0.7842582000037037,0.05733284926111635,0.006781401722378928,0,1
3,0,0.8261531074229597,0.03951912443125549,0.01977220484773926,0,1
3,0,0.7372913910444755,0.07488812796659343,0.019408056013658137,0,1
6,0,0.7911771050839799,0.09843559883942266,0.012465110497852696,0,1
2,0,0.8906884167507085,0.05319710170643921,0.01764582077902676,0,1
4,0,0.79392039679377,0.09124749857193488,0.014013284114465806,0,1
4,0,0.9225646504969508,0.06075268621753385,0.01908650931357567,0,1
4,0,0.852235719021057,0.09724066947103174,0.01104086913744836,0,1
3,0,0.7965585569169719,0.0976270063241122,0.000808681910303144,0,1
4,0,0.9948715698579069,0.03849919477358585,0.0023751760725150106,0,1
4,0,0.8397798349903277,0.028227106724910047,0.0031482840118435542,0,1
4,0,0.7224364493508595,0.0796399988770646,0.0013397918502525985,0,1
6,0,0.702226092364195,0.05405946539617489,0.015914352029322006,0,1
3,0,0.8542741342848575,0.028897699624803208,0.01830496539040229,0,1
5,1,0.9630619130481468,0.09657266234117884,0.008121800843678136,0,1
3,0,0.7742938351136966,0.09597362244223874,0.014166941589965152,0,1
3,0,0.9137623166630845,0.05588008343539963,0.017618399909195052,0,1
3,0,0.7808025999249264,0.0970912070362765,0.0019649301510382376,0,1
2,0,0.879036469004332,0.05368090852774561,0.0013164603587628788,0,1
7,0,0.867036843075654,0.0935369499404729,0.007591360571398515,0,1
6,0,0.7732420356084997,0.018449041185365035,0.004412478166205085,0,1
9,0,0.9256773779421478,0.004193566559886875,0.018364172018175483,0,1
5,0,0.7068845288319834,0.04146838858234439,0.00020476005151990774,0,1
3,0,0.7263571040744037,0.021085479047801017,0.01866879978480519,0,1
7,0,0.9606998223855407,0.07485857267118028,0.009743835505768865,0,1
8,0,0.9326694515402442,0.014720022816015577,0.016860703292769803,0,1
6,0,0.982658901650719,0.048370360831517294,0.010554108418685877,0,1
5,0,0.8566781213587048,0.0864833814576485,0.008323009121952146,0,1
4,0,0.7975983480292425,0.030526242901741475,0.017044175706217732,0,1
4,0,0.7546986287665214,0.0009800526933971044,0.017534213653195102,0,1
99,17,0.22710862555763178,0.8519949790879877,0.6925434972211246,6,-1
5,0,0.7084570946489609,0.0061802870079034735,0.01769062879256005,0,1
4,0,0.8250521977781102,0.0483236156245152,0.018859309913700915,0,1
5,0,0.7436528936935963,0.08378966746987135,0.0063167952759480926,0,1
6,0,0.9709419221422542,0.08571159423173673,0.0018783591585244098,0,1
5,0,0.8369360209587184,0.0579524433913911,0.01195833716802489,0,1
9,0,0.9170677875983255,0.011146213958351681,0.018533271187889392,0,1
8,0,0.899578877296738,0.08419386306424859,0.014864745055581687,0,1
6,0,0.771632502495868,0.026485240018248035,0.008880332608453613,0,1
3,0,0.770467049791546,0.06879920186356801,0.014690335485475388,0,1
3,0,0.9570663862616071,0.05939440528068588,0.015210627299396024,0,1
4,0,0.8196978750010742,0.07247018129156056,0.01874523219577751,0,1
7,1,0.8535384750103573,0.007357963815975155,0.009935242989562075,0,1
5,0,0.8015673437664937,0.03082360509299419,0.002535896886733533,0,1
7,0,0.7361094285340689,0.01037501769205339,0.01928497682072458,0,1
6,0,0.9458193534116623,0.03368961853147728,0.013664581022363249,0,1
4,0,0.73098284965957,0.04945155505222182,0.00018439188421805365,0,1
4,0,0.9278742250045218,0.0972340376595683,0.00304748126830906,0,1
3,0,0.7053384670038475,0.0487600821398706,0.00150124627655291,0,1
4,0,0.8320347722730321,0.03468618706472842,0.0037818304100756084,0,1
4,0,0.7121337184369002,0.08900831695467581,0.008372299719497107,0,1
6,0,0.9810316209061256,0.0667972609669276,0.010800279725185625,0,1
3,0,0.8299474658041592,0.04508742314022399,0.005717356712925547,0,1
3,0,0.8845882357265621,0.0934832574271909,0.015060819926318744,0,1
4,0,0.9399358574380319,0.06343972594970845,0.0006074775754314099,0,1
9,0,0.7858336069683589,0.07600224190879035,0.015641129377376464,0,1
4,1,0.9641461547940819,0.025820295946856933,0.009704779380606286,0,1
4,0,0.8165155133940222,0.09617866143085604,0.004815088296356142,0,1
2,0,0.7837993055591022,0.08931518188525915,0.018654621710189744,0,1
9,1,0.8543838373713284,0.03411800546003557,0.012756742640201879,0,1
3,0,0.7462182381191602,0.09573248485272041,0.002608077699606981,1,1
4,0,0.7522503042763363,0.04653071964186814,0.015480086043108798,1,1
3,0,0.7977854631863306,0.08687574316050559,0.0018120603201071605,0,1
6,0,0.8517495811417213,0.014505064080142627,0.014591421937141502,0,1
7,0,0.9120904539737967,0.08154997271035193,0.013189187939546227,0,1
6,0,0.7451963465981901,0.04879610450415376,0.0005329058232773476,0,1
2,1,0.7921764943386433,0.04244963745271675,0.005102327292795162,0,1
7,0,0.8480325101687698,0.029633025109185654,0.012052648007094048,0,1
9,0,0.9069066041986873,0.08565412206887946,0.014716232076323572,0,1
5,1,0.9133333402151724,0.017837500193609048,0.011900617066830264,0,1
6,0,0.8856839488416451,0.05103125834120398,0.0024535505840518534,0,1
6,0,0.9541794951714891,0.02227658764169499,0.006725277593250299,0,1
4,0,0.8396017680196153,0.017306194920070496,0.017825036262963327,0,1
4,0,0.9937700781490588,0.06363658101666421,0.004754360520415846,0,1
3,0,0.953955859563171,0.08202742939097465,0.0013054399713697906,0,1
6,0,0.9839374283771649,0.04673587272271809,0.0020163042813077705,0,1
3,0,0.8320124402962606,0.02610403333069965,0.012718008388314375,0,1
8,0,0.8243430182222707,0.04504673277047577,0.007008178896360768,0,1
5,0,0.9615239131577671,0.019495949603351048,0.0016261614660663692,0,1
5,0,0.8492309960569049,0.010742448793707627,0.01507117169478252,0,1
6,0,0.9640188094594462,0.05843376360811219,0.011637566957832668,0,1
10,0,0.9610339123326597,0.019555701095578904,0.017305244582636114,0,1
3,1,0.7689461261575133,0.05566905814103094,0.012895214304541758,0,1
3,0,0.941990836517578,0.019066858102117324,0.01563935126141317,0,1
5,0,0.9388905689269844,0.06073090409481429,0.010276994870404328,0,1
6,0,0.8094602827961234,0.09503871441791127,0.01729232729644047,0,1
8,0,0.7041231504072871,0.03482994173861882,0.019818643258931085,0,1
2,0,0.9252364529362002,0.008892245888673756,0.003808589267795237,0,1
7,1,0.8218017319846227,0.05110902011564186,0.012957603470246054,0,1
9,0,0.9540176226369583,0.06511257449523244,0.01912190326250697,0,1
3,0,0.9153183601763808,0.0648602122637279,0.015609360803098824,0,1
3,0,0.8347415611433395,0.04376940382247118,0.0005688242515822406,0,1
4,1,0.9789092495996337,0.03644047061362373,0.008613918736905337,1,1
7,0,0.9652312068844633,0.06390174289267629,0.009050315276829066,0,1
2,0,0.9189994932969912,0.07138909630740324,0.01451806928529786,0,1
0,0,0.9533713443005701,0.07642435154076484,0.015497117361361803,0,1
6,0,0.7036345810328807,0.015441010784226517,0.0001069265800787833,0,1
79,12,0.14330559343207616,0.5825249857383485,0.5163152426526672,6,-1
4,0,0.7391387084259178,0.08497816987402305,0.01214163927842345,0,1
3,0,0.7996809156239635,0.08696865810608528,0.01971154868978438,0,1
2,0,0.7728197657349314,0.035361802920249534,0.013655248239519422,0,1
48,12,0.11416498262470899,0.9056016667631607,0.7679900500335055,3,-1
7,0,0.9646347061582466,0.0758956651211598,0.017302879628756065,0,1
3,0,0.7475121691897418,0.07268820563185974,0.012133879269248575,0,1
8,0,0.9431779482631029,0.09482194474950327,0.015240870157699761,0,1
6,0,0.7717286178959846,0.037248403250410865,0.0074985810271865775,0,1
7,0,0.997821191342646,0.02656697558564416,0.0007836756402250167,0,1
3,0,0.7346300919950527,0.047335668704320336,0.017669714846710458,0,1
3,1,0.7578681231044132,0.08474208876266559,0.01615292255993144,0,1
3,0,0.8155302036821551,0.0352598678544753,0.01072607559837465,0,1
5,0,0.9044672603888185,0.08456047950983965,0.014077470661898994,0,1
6,0,0.9833406858434621,0.08638860326789571,0.008228855333608216,0,1
72,11,0.10717477909976925,0.7740605776163751,0.6119349583832844,6,-1
7,0,0.7130016199907439,0.09008735925371769,0.010450704711702365,0,1
8,0,0.7188086916659152,0.00736610720170594,0.00925296734229744,0,1
47,15,0.33167125342206233,0.4971489855764514,0.21201396120132837,11,-1
7,0,0.9781554235180627,0.0388211099643102,0.008329154379902264,0,1
2,0,0.8313128939250217,0.08466320532930678,0.017096223126345622,0,1
4,0,0.8564914589771955,0.01860975677829041,0.009588721781190652,0,1
7,0,0.7105906763542209,0.0264559127995585,0.01894697992709068,0,1
10,0,0.8706582392083533,0.024891371546726604,0.0016074667578159895,0,1
3,0,0.9715426448937301,0.004192635437798353,0.019689629662766266,0,1
5,0,0.7079895060742315,0.04283953489256587,0.018395292676268958,0,1
6,0,0.9843328094402413,0.06361120572029383,0.005112844597992073,0,1
5,0,0.8978640985277919,0.08000184814484174,0.011770839715308146,0,1
6,0,0.8215439315074269,0.07009928939891488,0.017520416645817483,0,1
11,1,0.9156519244617001,0.01811526073049712,0.016664268363416068,0,1
4,1,0.7234891800960714,0.08611191683627711,0.013399426978018792,0,1
4,0,0.8371959868632133,0.01832558646890622,0.013952090027887241,0,1
4,0,0.7225589662628737,0.0055947946598620575,0.005746507988117924,0,1
0,0,0.765636623742275,0.0864405624341864,0.014687917523406029,0,1
4,0,0.7842326221780729,0.09454505501177889,0.018146728632938727,0,1
7,0,0.72443626442032,0.004117729896301581,0.004395044875851777,0,1
4,0,0.9102407443905831,0.005270209458741693,0.009422686369428444,1,1
7,0,0.871628382018452,0.08841641751934831,0.016546539415698818,0,1
7,0,0.7595586071156242,0.0044840436839912795,0.012489731122152415,0,1
7,0,0.9762025288718892,0.07403284847553586,2.4857572973580046e-05,0,1
5,0,0.7574781903708985,0.015883914770624685,0.0003789831068961891,0,1
5,0,0.861483171863449,0.05140410915785326,0.016729527612328196,0,1
98,9,0.257150010791572,0.9221889866626943,0.5262261580166199,3,-1
4,0,0.7007486360802487,0.015745133364626518,0.010063966553699661,1,1
7,0,0.7885627002635087,0.05133924021256769,0.003423714468074355,0,1
2,0,0.8608074882931152,0.007271121434459172,0.0014803998051178824,0,1
5,0,0.9613862907203998,0.01916643870158078,0.014032041869402346,0,1
5,0,0.9329102385397168,0.027404780819793542,0.008213763433515438,0,1
4,0,0.8780428599562914,0.017943277213548214,0.005653096643273532,0,1
1,0,0.7930990021403689,0.009842986898934026,0.002827144862642079,0,1
4,0,0.8277451439535104,0.004288675983941093,0.01310814246429173,0,1
5,0,0.8100430284266407,0.015931073552501496,0.004890248303880925,0,1
3,0,0.8993978240617295,0.08638125572362189,0.01480015025545557,0,1
5,0,0.9841264974258085,0.08242547219650079,0.0062086598395661025,0,1
2,0,0.7568766793293151,0.022526577869505505,0.0146492782586807,0,1
4,0,0.9577115108638898,0.08770119589428536,0.011738911298269036,0,1
9,0,0.9844488415060917,0.019640596764907137,0.008971381956615248,1,1
4,0,0.9857054511877166,0.022915418702542878,0.011549457962389518,0,1
3,0,0.9794617990472597,0.02232975491020668,0.012187274230485082,0,1
4,0,0.8374206587106419,0.07956301142973078,0.004580518241467544,0,1
109,5,0.08960452396380175,0.9244229328585178,0.7821460711425183,9,-1
3,0,0.979413915781286,0.020508483197197516,0.003176317923471357,0,1
6,0,0.9647042835519262,0.02148809720927891,0.019897883865934916,0,1
8,1,0.8318326843886462,0.006181569384445396,0.010770735375348475,0,1
5,0,0.9779413613678973,0.026504352871134264,0.01694430813261636,0,1
4,0,0.7303374517349462,0.07613099154523793,0.010164454033765353,0,1
9,0,0.8497945444243734,0.058972882546588015,0.006726694407093452,0,1
4,0,0.8000254004338049,0.0987705809716198,0.01771454416473913,0,1
52,16,0.23575920771165476,0.9435182241036797,0.25482158650966164,9,-1
10,0,0.8574670848265451,0.0881390998636897,0.016481985792670142,0,1
3,0,0.9197047208943694,0.05777055010154526,0.01666749548508774,0,1
5,0,0.909782438600617,0.08979503433820446,0.018228145662763845,0,1
7,0,0.8925134446852864,0.00893195211837623,0.018929009163215386,0,1
5,0,0.8282009169730151,0.05824750675541064,0.01217252398597373,0,1
4,0,0.9758184523626035,0.09202582501117743,0.0025805779367813675,0,1
5,0,0.8161688738868907,0.08774840413175336,0.01629173079010683,0,1
10,0,0.7207854704332677,0.04251168989117972,0.019759424424427036,0,1
50,7,0.06153501820290094,0.627831133307577,0.6773512140692723,5,-1
118,6,0.3689853657245241,0.5391132483432679,0.36932249633108505,10,-1
6,0,0.9293907982854921,0.0914000037009278,0.008943068483870158,0,1
3,0,0.9234252079155715,0.05855918252204543,0.009955178782038028,0,1
3,0,0.8320398113853009,0.03957506052859877,0.006355487500533825,0,1
6,0,0.9761000685016803,0.04582654823968083,0.0010918055410239313,0,1
2,0,0.7805524125903756,0.016230784549646084,0.012253501135704416,0,1
2,0,0.9155177205351538,0.020074218316574334,0.003588973257612087,0,1
4,0,0.7167664804759225,0.01841885255233714,0.00971319751213159,0,1
10,0,0.700801298010299,0.0029281384768146236,0.008136323040621713,0,1
6,0,0.800462582839885,0.061816854966629135,0.017539085779659142,0,1
3,0,0.7753956905878946,0.08837359561360547,0.019123691349530108,0,1
3,0,0.987030465164455,0.05936147043805608,0.013222420153242988,0,1
28,12,0.1434366790354272,0.5118267098344971,0.2941197977893194,7,-1
6,0,0.7024157864875843,0.05572485516185454,0.008932901386198254,0,1
3,0,0.7364836344871603,0.01609033580525735,0.017609164667354082,0,1
7,0,0.862398657780941,0.09092239295496342,0.0068167454870059355,0,1
3,1,0.8118180114502282,0.024898326623151425,0.01131295126750795,0,1
7,0,0.944771375914437,0.05653984851469645,0.004699860410800758,0,1
7,0,0.959625110588836,0.06946824174353046,0.01205774778009345,0,1
7,0,0.7620297578301102,0.020261570069617676,0.0005777634454392366,0,1
7,0,0.7506862605575609,0.019984725908556336,0.019347510639563956,0,1
4,0,0.9759706376979693,0.09455435621759695,0.016835208164265838,0,1
7,1,0.7129202278918291,0.04683001989551471,0.01563655425297824,0,1
2,0,0.7045667414474472,0.0627536489945376,0.0005632998803353217,0,1
7,0,0.960312684334863,0.014015642170213028,0.012822235529393591,0,1
4,0,0.7613631872634805,0.0787056095845733,0.01568066472366259,0,1
3,0,0.9018892519335446,0.0695786306423427,0.019859256006264626,0,1
7,0,0.9900092850382964,0.028673968943929498,0.018236545280869838,0,1
7,0,0.7925145120579206,0.09994505229919637,0.012079755076645177,0,1
8,0,0.757315745937846,0.0883885463239154,0.012940961827734354,0,1
3,0,0.9100560163035796,0.07123876355626482,0.013899579172106607,0,1
1,0,0.7595981905513953,0.006894061227922011,0.013131545108471922,0,1
3,0,0.9837783583888227,0.050676285728410986,0.012013777837191661,0,1
8,0,0.7656504032763077,0.07247826567743876,0.00249209139238896,0,1
3,0,0.8570801719177712,0.005558063448407702,0.010885437886016513,1,1
3,0,0.9494608859528061,0.00010915410229569434,0.011593408703950791,0,1
2,1,0.8880190260066356,0.013499556933063518,0.0028155155242856945,0,1
5,0,0.7668274340641319,0.04427542857506183,0.005236344365343564,0,1
3,0,0.9306728318642425,0.03689702095355373,0.004321434653467458,0,1
9,0,0.7061435383373198,0.021968288362527268,0.010218345266372386,1,1
4,0,0.8868456768574592,0.042600507941634426,0.003851953665229184,0,1
7,0,0.7767986861579731,0.04723216504283089,0.014970757253691692,0,1
4,0,0.7374171310156774,0.00981244131994602,0.014996724467688094,0,1
1,0,0.9813212409686266,0.04644926696283156,0.01965235507542866,0,1
5,0,0.8216788631307419,0.02764903956848788,0.0019173934941643677,0,1
5,0,0.9978895005457966,0.06797912012713396,0.004558010150833993,0,1
5,0,0.7722137289346799,0.03344144513546123,0.003800475851853069,0,1
3,0,0.8065728583031065,0.0627223582907983,0.014307070925357714,0,1
3,0,0.8804478858924824,0.09232740863535495,0.0030154301362220193,0,1
5,0,0.8827738931127334,0.09016454232550886,0.0023832053038974842,0,1
5,0,0.8678525900311984,0.049213399239733994,0.006379875483461441,0,1
3,0,0.8018935969216044,0.09585531853126267,0.01077263295064608,0,1
5,0,0.8380036291242123,0.023991791885452488,0.004655319285867063,0,1
6,0,0.8446761215681865,0.004024085841838033,0.01673274544429846,0,1
3,0,0.9810158437982054,0.05849210947248297,0.01296220817752583,0,1
2,1,0.7852270180956421,0.09961602962166742,0.0066190581030155585,0,1
5,0,0.7730518782215784,0.08470711376911369,0.000968458928535556,0,1
7,0,0.9927641631276656,0.003548340514569748,0.017814080547718426,0,1
1,0,0.7406911604561891,0.029280599869510284,0.007006828042329365,0,1
5,0,0.7393126627436297,0.07634448955760645,0.0037795040274158386,0,1
5,0,0.798203662419705,0.07892195914275946,0.00751512757013824,0,1
5,0,0.8890219449582848,0.009237083927589663,0.012823254116903542,0,1
1,0,0.9925997290319737,0.030802535180193737,0.013440747574357146,0,1
1,0,0.8719211975550794,0.07251394025958333,0.0184172418389251,0,1
4,0,0.7032686419076029,0.0853423269509143,0.0073646037832166365,0,1
2,0,0.8446249596661438,0.051078299051547975,0.013469997216369383,0,1
4,0,0.7943686721384597,0.08957011019115182,0.014729347749000045,0,1
5,0,0.9235655431588468,0.03591992956432081,0.005366961344970993,0,1
11,1,0.9221782598428561,0.08174352692338845,0.017455454511068415,0,1
5,0,0.9175669488355407,0.07000641724932007,0.012272126760987379,0,1
6,0,0.7282972289955316,0.03852849260339827,0.0045724211605889025,0,1
5,1,0.9177461562082854,0.0005570005603550588,0.0029002433479257063,0,1
5,0,0.7802690869244522,0.041400068288472494,0.018526400975159393,0,1
3,0,0.9988230747389794,0.033689456517905794,0.0055428568315914655,0,1
6,0,0.8887172795678902,0.059477016727715715,0.017772863617881725,0,1
4,1,0.810625064351686,0.05073635432245636,0.0002935847013547055,0,1
3,0,0.9191774299289851,0.09618454045268345,0.005499311674405365,0,1
2,0,0.8795539238400325,0.02558230250480419,0.006874831657760736,0,1
8,0,0.9711246792230173,0.036099475879246716,0.002559229232036515,0,1
34,6,0.3526109451482926,0.4403766514659158,0.24664078114889704,5,-1
2,0,0.9077691974542998,0.08379621748360849,0.009988974386512858,0,1
7,0,0.8672496279039842,0.09527466009925385,0.01809704203600259,0,1
3,0,0.7815336322624904,0.08218713548708459,0.005319607827867865,0,1
1,0,0.77377091276898,0.07378273273437873,0.006845654253326445,0,1
3,0,0.7554083888482616,0.014214331338038944,0.012183224260790803,0,1
6,0,0.7687618633488073,0.03535532768724403,0.01766392893605453,0,1
2,0,0.7401108046329009,0.009419245708313718,0.01086355749748352,0,1
2,0,0.9339890574795009,0.0515186958872616,0.010254292482365939,1,1
5,0,0.7320999914450798,0.0011046360056648386,0.00662149477396353,0,1
7,0,0.7060015493278505,0.05293659874977611,0.007973889828993877,0,1
10,0,0.8077791324176793,0.006215192713256746,0.005273272261395257,0,1
4,0,0.8850817414144144,0.07560611120055376,0.008501414909768199,0,1
7,0,0.7239957873822089,0.07171713920582679,0.0002691990586294257,0,1
7,0,0.926664317752408,0.06333478501891623,0.0045252463853546355,0,1
2,0,0.8460488283812264,0.06931870037873944,0.0006678114165795135,0,1
6,0,0.8300860255938297,0.030929337801744363,0.005952420041019482,0,1
2,0,0.9324580806089955,0.06841977434746807,0.0006002097554828234,0,1
7,0,0.8763826715164793,0.010653669360837193,0.007882291523709211,0,1
6,0,0.8872175328332046,0.08205597309882025,0.014632256386267329,0,1
4,0,0.9324292629196725,0.051078161800708094,0.012656586261092234,0,1
3,1,0.993429435794714,0.04140619402133414,0.00883784983933301,0,1
3,0,0.8656557217511944,0.04293427372996557,0.010724183421366669,0,1
8,1,0.8988987689196702,0.027698978178488542,0.014476310478157527,0,1
10,0,0.7407722146878096,0.032637420531837734,0.003196869760004608,0,1
5,0,0.844624347469682,0.07925310589064705,0.017058258405295703,0,1
9,0,0.8089608834329964,0.029297972050443266,0.003524656763018337,0,1
3,0,0.803194892818329,0.07250575002722941,0.007385376459110831,0,1
113,14,0.1548563981966449,0.46288196685618915,0.681390908616282,9,-1
3,0,0.8287457513655693,0.05949399389939941,0.016476530236265805,0,1
4,0,0.9204986500793264,0.0609877127308106,0.010692101091114183,1,1
2,0,0.9512798702517311,0.0029584183638013853,0.01876170519032308,0,1
3,0,0.8405924195750658,0.09319792195573816,0.013954510380338667,0,1
6,0,0.9660429596978205,0.061639552477685926,0.006574191987749029,0,1
3,0,0.9367788990973855,0.01610183328242364,0.017978963711620884,0,1
1,0,0.8435786135787875,0.06982869266305917,0.01272625680152504,0,1
4,0,0.9980694998059946,0.05674015819237044,0.005365471326974074,0,1
5,0,0.9934470626910467,0.05852542262381827,0.003760343071071557,0,1
6,0,0.7755276396366261,0.02523724765214709,0.015171014949434848,0,1
5,0,0.8685862427529606,0.08199004299844583,0.013105225246015184,0,1
4,0,0.808848617418062,0.08419606812337943,0.00038077935058496994,0,1
8,1,0.9508009116425888,0.05948658508876018,0.005279871690810187,0,1
2,0,0.8114882855315206,0.00880052503057015,0.00945821893376652,0,1
6,0,0.8614316975677696,0.03236129677514562,0.007740248065572455,0,1
87,7,0.3681969264448958,0.5132750075590612,0.21580089158419474,6,-1
8,0,0.8146657802868673,0.0740753801291965,0.0005390951959626245,0,1
1,1,0.8760956449020368,0.02364595760623557,0.009830245144525032,0,1
6,0,0.9520378479736753,0.09407524526450062,0.008868164259894331,0,1
7,0,0.9740687667517909,0.05428681399782135,0.007412028063619653,0,1
2,0,0.7447025630234954,0.061137005655957324,0.0012701093856333045,0,1
75,9,0.265158084356538,0.5639202734384039,0.7366715712940948,9,-1
4,1,0.7691261996069874,0.0639573873332081,0.0013332152655573793,1,1
4,0,0.9476657138253058,0.06440946934361856,0.010354333326050428,0,1
9,0,0.7382128097583552,0.08598747500702686,0.007708919018331928,0,1
5,1,0.9819949856172479,0.03074759352055825,0.010574722695905073,0,1
6,0,0.9097550124970886,0.07140487993824833,0.006035659434796994,0,1
6,1,0.9761339871687358,0.025398744920502172,0.000609987792957627,0,1
5,0,0.832716735132237,0.04538497770464132,0.017244947384496796,0,1
4,0,0.8577243742285782,0.04334087337134765,0.0147096881165743,0,1
4,0,0.9897201103708688,0.081809489504588,0.0134053068942757,0,1
12,0,0.9780920712375305,0.01004560231135082,0.0069578788176248765,0,1
2,0,0.7290436169785429,0.03715469950031752,0.0013657196745284028,0,1
2,0,0.7797085919684451,0.027529013576680417,0.004710332371701777,0,1
6,0,0.8075736616320734,0.06857437323304837,0.0005927916635207509,0,1
9,0,0.9967221929103542,0.04059614563395894,0.0009773991741413113,0,1
4,0,0.8250720895670429,0.09615168066268193,0.009415815560844311,0,1
6,0,0.8356518866771323,0.0416826503924852,0.0056109404657543795,0,1
5,0,0.7896102704033161,0.05340093173071893,0.01815724174346996,0,1
4,0,0.8511061107084201,0.07411526732856587,0.0003604850632888046,0,1
4,0,0.8972664627500017,0.004492005524213561,0.015485825807623204,0,1
2,1,0.8130849733499168,0.09098708740804472,0.0004629269071068332,0,1
6,0,0.7634239047327712,0.06688005990334012,0.012496824880234157,0,1
2,0,0.7177418236046776,0.02407993099381385,0.003652228251522911,0,1
5,0,0.7087572521483404,0.09992765259462372,0.00470421448424166,0,1
3,0,0.9846402489032906,0.009832366709196384,0.007465572231454391,0,1
7,0,0.8234983315509959,0.024237645964925603,0.010880066475110415,0,1
3,0,0.8980818348286513,0.06907566561823386,0.014660943717831674,0,1
2,0,0.8656230088843744,0.07896945127369878,0.01389712159578639,0,1
3,0,0.8687568530813741,0.06136608074093272,0.015651249805853473,0,1
10,0,0.7617845934151591,0.09166233736781126,0.01949122367473523,0,1
4,0,0.7504320583618401,0.036697637339645005,0.006752569541557321,0,1
4,1,0.9589918500933844,0.02665975768304173,0.000517207670771942,0,1
4,0,0.7389416675997638,0.02588303100692805,0.003643163221580592,0,1
8,0,0.9862716589954881,0.08367463317524591,0.003137832499478328,0,1
10,0,0.7836460408740089,0.0934014891581597,0.012796795312195446,0,1
4,0,0.8426451418549861,0.07975235474416056,0.011113823889572777,0,1
2,0,0.8259866272443357,0.04608702052338143,0.008999499191557068,0,1
5,0,0.7611456040554649,0.015369365626989496,0.0006897943935890739,0,1
9,0,0.9894212678805904,0.07272156880186424,0.0007613646229975935,0,1
5,0,0.8561710320609642,0.022322993029393792,0.01930765952717648,0,1
5,0,0.9926956394173814,0.02127132949517964,0.011476375200674934,0,1
6,0,0.8408946769994872,0.06319242814281241,0.01951421132567816,0,1
9,0,0.9096859793559209,0.02231532510417408,0.0042817493717704274,0,1
4,0,0.9025487287293,0.0901663414676758,0.01560847337942953,0,1
2,0,0.7935292154956388,0.0005841600121510249,0.012762060182745248,0,1
1,0,0.7470016403042554,0.05743550703038779,0.007083393570405144,0,1
7,0,0.8560766753840281,0.0981289659920052,0.005605837222655834,0,1
5,0,0.8047466204403555,0.03274870088731309,0.01381632898226054,0,1
7,0,0.7263284423436658,0.03419302175984223,0.0026450718431210497,1,1
3,0,0.9128703149194183,0.01459289795923331,0.0083483079065289,0,1
4,0,0.7484921007012323,0.007198193705642875,0.0018914897241663264,0,1
2,0,0.9904957618696305,0.0006070622813812321,0.0070675977386440245,0,1
3,0,0.9785405957185471,0.04675709622524175,0.0059692607349095365,0,1
5,0,0.8637332456216831,0.025505945246947492,0.008887672201750393,0,1
9,0,0.8642143700408305,0.05872021298768121,0.004496249633976921,0,1
8,0,0.9855651417283392,0.044018448061693576,0.004026289018632707,0,1
3,0,0.8725257117677119,0.029025664043586065,0.005340646754429903,0,1
3,0,0.7208250875770412,0.05916804195320016,0.012372239197796137,0,1
5,0,0.9173568515736772,0.07241780351404532,0.010542361811368086,0,1
8,0,0.9281369318079599,0.005732427086440584,0.004592251130394294,0,1
4,0,0.9055518070904641,0.042256266501934814,0.009822657796409682,0,1
3,0,0.8466347253054154,0.07056252202442514,0.017986689134662705,0,1
4,0,0.8885222489315661,0.03244506536463395,0.0031156609587873253,1,1
10,0,0.7781887893624899,0.07064556853165807,0.0004233089522414857,0,1
4,0,0.7247143756063834,0.021781651928520752,0.005604403072214075,0,1
3,0,0.9896671257292131,0.025973533046674793,0.01910026965965171,0,1
5,0,0.7906510460075022,0.0967426432083014,0.016406011905652506,0,1
4,0,0.9192555319556399,0.04628447576579773,0.0023763249453029435,0,1
13,0,0.9202227747080886,0.02569700777191445,0.01832051038703896,0,1
4,0,0.7165902058985045,0.07126828160440628,0.0038964732488986397,0,1
7,0,0.9088665745014601,0.020908420294490082,0.011751519552865448,0,1
2,0,0.7094702489229644,0.09490414766166372,0.01846188891767384,0,1
6,0,0.951982245144074,0.05745043275013978,0.001857246686265015,0,1
2,0,0.9992507510443591,0.017773615462153735,0.0022356859820988405,0,1
3,0,0.9578702766433342,0.00934930116544308,0.01947361908796413,0,1
0,0,0.9729030765715254,0.07668036652069575,0.015281735659826615,0,1
3,0,0.8861028583951648,0.038846334117344054,0.014705920960410226,0,1
8,0,0.8919689308249756,0.013408314219804696,0.003838436161816308,0,1
7,0,0.7347800531972518,0.005475993118962808,0.007249426218640114,0,1
1,0,0.7355622810926944,0.06925876396716318,0.008047359900487246,0,1
4,0,0.9404041431885137,0.00775689072621345,0.009265748981328696,0,1
4,0,0.8913618499220429,0.09075063492653966,0.0033073912210800226,0,1
6,0,0.742315276321071,0.01955025901965536,0.018411214042006994,0,1
10,0,0.8173206637454259,0.09388909994653072,0.0021292760717535296,0,1
5,1,0.9034978613893789,0.006240232027687065,0.005915033945270601,0,1
2,0,0.9060661355777195,0.09133047149587764,0.0009284277089350801,0,1
1,0,0.8244063128948295,0.04962058799500081,0.008211988433795489,0,1
9,0,0.7816755445293909,0.05039819256863627,0.010508241419080126,0,1
2,0,0.7911662703912465,0.025780391699196926,0.013061745019127505,0,1
4,0,0.9166565837427023,0.09512647989837258,0.01651492964534676,0,1
7,0,0.721783255778824,0.0890140641201621,0.013040282543379009,0,1
5,0,0.7776752853794147,0.09794253958319389,0.007619003454703886,0,1
5,0,0.713657649939923,0.034192630457806406,0.017347785439597745,0,1
6,0,0.9348764958822685,0.005146670517596908,0.014436195917714341,0,1
6,0,0.827331281200268,0.025947462896596864,0.010384933552697729,0,1
8,0,0.7169532822773559,0.0030650590707232417,0.016485797510489043,1,1
5,0,0.7949423594913575,0.032911541289482725,0.0010726708204889612,0,1
5,1,0.7600647991253505,0.014541615009261488,0.0037900395065276404,0,1
8,0,0.8572623156843096,0.07925487412932214,0.003355985343263168,0,1
7,0,0.9182881871713027,0.013141559514126211,0.0015955185061884648,0,1
4,0,0.9536160842777386,0.02406252267293857,0.004452258247471206,0,1
5,0,0.8810516510348859,0.01545018114953034,0.014694769515301739,0,1
9,0,0.7329333685172176,0.07487438516644833,0.00529525426065473,0,1
8,0,0.7824877331190709,0.06157338334821452,0.002084079047189076,0,1
4,0,0.9284521929029571,0.022340462463622646,0.002847489311852327,0,1
10,0,0.7701070106914137,0.04362692800425893,0.013778260353976307,0,1
4,0,0.9682281320669155,0.05391908707225317,0.019422074879783185,0,1
8,0,0.7183101155719713,0.00014503165911271544,0.0026787339774544863,0,1
4,0,0.9013684233570011,0.07977903060062494,0.014060129656706239,0,1
8,0,0.9947829974214233,0.060163573582333645,0.01961614856980011,0,1
1,0,0.763941542607713,0.09436306566335848,0.0042080338174096486,0,1
8,0,0.823346991386592,0.09895821923187784,0.005608095992507735,0,1
8,0,0.9127260044271548,0.020818402560062423,0.007895219714704275,0,1
49,7,0.11879119247632676,0.6161655420556575,0.6006120114619075,3,-1
3,0,0.9358654691927812,0.027291884740433394,0.005453780800961274,0,1
2,0,0.8576758278097901,0.03515166249107261,0.018605918814528583,0,1
2,0,0.8881829921789542,0.012545808954098193,0.01866473382479686,0,1
2,0,0.9307973511711042,0.004643365539104794,0.01319147883743637,0,1
3,0,0.7163878866299453,0.09540873530357143,0.017008511239752642,0,1
1,0,0.7102855406779611,0.04132510032332764,0.013906979930166704,0,1
4,0,0.9386725821677896,0.022300018103847786,0.018059592981126978,0,1
2,0,0.9878005504851756,0.05504094431784859,0.01745435682591386,0,1
7,0,0.8035621302505996,0.013340648127821332,0.006644777317932322,0,1
6,0,0.7013111934358036,0.03197484012265641,0.0024662802455068912,0,1
5,0,0.8875160718911099,0.03368785451388722,0.012689984586785535,0,1
4,0,0.9100853296207891,0.05210960689927538,0.014818289224743618,0,1
4,0,0.978989072734153,0.072616641969916,0.005131170124979028,0,1
3,0,0.8738885582749432,0.09177258090912357,0.009494979750934622,0,1
4,0,0.7742632861054137,0.06745676511269867,0.00021856797935497109,0,1
5,0,0.7813284829239648,0.06357563343675192,0.0014787128703339515,0,1
6,1,0.9698077599028523,0.0675854737627145,0.012659729404572108,0,1
7,1,0.748639583582551,0.04954601331723603,0.012505260550866685,0,1
5,0,0.984701436001832,0.07620099404776617,0.003110224855165913,0,1
7,0,0.9222587889885321,0.06332537215489892,0.0090266242651897,0,1
5,0,0.9990184642238389,0.06824495863507914,0.016616905601188427,0,1
6,0,0.7866765495447541,0.06253923997135148,0.014611760613722392,0,1
4,1,0.9277970705735206,0.08683962094619008,0.009967030217037676,0,1
4,0,0.7081250964484623,0.09276377180531867,0.005825220789224537,0,1
8,0,0.7360979972192605,0.006524045417548319,0.01995142760733071,0,1
6,0,0.9966315942085382,0.07327618613816829,0.0046290702464743295,0,1
5,0,0.7212967573454159,0.09299315989816455,0.018393233141750044,1,1
4,0,0.9066679324097342,0.09507496060422586,0.01190192874685298,0,1
3,0,0.7930000033634634,0.021145950938688676,0.007842267809150368,1,1
2,1,0.8828223750988914,0.08923771145932997,0.007993517808837407,0,1
4,0,0.9686084628557755,0.05410512228305804,0.00867855378925015,0,1
12,0,0.9499572413306939,0.01770966942940838,0.001261170511524874,0,1
2,0,0.7979482982989754,0.06760015609419073,0.004212830847095887,0,1
3,0,0.9215713115904681,0.07750250556294935,0.010750388525361407,0,1
8,0,0.8366440517177925,0.0888426142187857,0.0060673851505746446,0,1
1,0,0.8555194572363907,0.05049477627900846,0.00837739439454441,0,1
8,0,0.8953505167381252,0.04158399814305689,0.01752288699923686,0,1
3,0,0.9563261228144184,0.014299755119543879,0.006085934031166513,0,1
6,0,0.9739099294161373,0.029425040808846115,0.013163495190275806,0,1
4,0,0.9058860287851128,0.005570689569342414,0.00834272285620758,0,1
6,0,0.7976843521382387,0.03834261333139071,0.018378291939919925,0,1
7,0,0.9384681249119493,0.030578681398961017,0.004029099053580587,0,1
27,10,0.053273423438313455,0.7233148030489636,0.7844911612576868,6,-1
2,0,0.9995961755826632,0.03676159664513327,0.0019210452716760785,0,1
10,0,0.8818798190597115,0.009620574166259456,0.0009731156399826313,0,1
5,0,0.9515681090194053,0.05040451831234613,0.005945170938073756,0,1
6,0,0.7661839995050628,0.07374764718989887,0.015386611776492696,0,1
3,0,0.918661087929149,0.0092636368687806,0.008850224638906294,0,1
7,0,0.9894593798215898,0.04110271118693115,0.018074838986186552,0,1
2,0,0.8843939897448712,0.0686788968358385,0.010013760684015272,0,1
4,0,0.7964307235921051,0.08731840920006323,0.005738498838756316,1,1
4,0,0.7250047980762556,0.05664517497010372,0.013928825422147397,0,1
10,0,0.8222031256510561,0.021468269167350753,0.0013857640618062405,0,1
5,0,0.7246945894861986,0.04909423441029581,0.007893012539973297,0,1
4,0,0.9490430095157782,0.018947962009551723,0.014116861237276668,0,1
4,0,0.8368898925371667,0.020153793698766676,0.011590028833318484,0,1
8,0,0.9193972530023314,0.02308535529354232,0.010680178194810082,0,1
5,0,0.7680541286503169,0.019307227379673133,0.01927882533967307,0,1
5,0,0.9582524809292428,0.0020626632013764357,0.008083276430659866,0,1
6,0,0.91167046062267,0.05196070954723462,0.012699741797248814,0,1
8,0,0.8691825308933461,0.03968592661698217,0.006650567195091415,0,1
9,0,0.7861432812304394,0.009239402893708571,0.0037414323040114205,0,1
7,0,0.9832452727698452,0.027865034052281835,0.01472903570839601,0,1
2,0,0.9070868589800749,0.07086306979709835,0.002341881622799962,0,1
6,0,0.7277069374717786,0.07474425253205591,0.016219371969400792,0,1
7,0,0.9958749569415652,0.06685625255621098,0.009346585935716663,0,1
10,0,0.8176469965723686,0.005151522593930514,0.0177728206309721,0,1
6,0,0.757310643328023,0.056974823116329,0.005772969720198719,0,1
71,8,0.1887366231879914,0.6066952081817962,0.7233697333412106,10,-1
9,0,0.778628169153986,0.04469380373650883,0.009300132644246725,0,1
5,0,0.8496772295077861,0.07690970925853038,0.0045735023677323785,0,1
112,17,0.35180135110829497,0.46541772976961016,0.3905967371176984,7,-1
5,0,0.8075910603623726,0.03864483744543449,0.005870766774741674,0,1
9,0,0.8312089188555332,0.08843861674538583,0.013470625197983125,0,1
5,0,0.8002551527126408,0.07589210379062664,0.008174518565525295,0,1
2,0,0.9074437546724737,0.02504868416012225,0.00222051896423378,0,1
8,0,0.9234042179273592,0.041925809842561404,0.008988835964826566,0,1
3,0,0.9507529074604466,0.027773714855425714,0.017899327572877294,0,1
8,0,0.7636535365326723,0.06051447854452936,0.019882045664214525,0,1
4,0,0.899854999855177,0.05909489601516013,0.01181342470018338,0,1
4,0,0.8842046244683756,0.07402843402628352,0.016152468630035947,0,1
6,0,0.8374415088772419,0.035313140851105256,0.0024861669981092603,0,1
7,0,0.9580149639088651,0.06633258578816675,0.0016342951407260964,0,1
2,0,0.998216787030434,0.05732973700866641,0.006304179850394427,0,1
2,0,0.738407428858323,0.09146898211444776,0.013417267090952294,0,1
7,0,0.7664821770227186,0.027558246415775856,0.018105698852152775,0,1
6,0,0.8766633991420912,0.08728714781229222,0.003029701092241497,0,1
6,1,0.8324197273241066,0.02716513195491939,0.005016797194434291,0,1
68,10,0.33779912738328305,0.7557927542910234,0.30731401089659266,3,-1
6,0,0.7779026366766847,0.0858877576258732,0.0158369338573632,0,1
6,0,0.7724111914012012,0.03759866690704053,0.013826520540255932,1,1
4,0,0.7606782633052038,0.011034222778877723,0.014101680692282181,0,1
3,0,0.9739732677350901,0.024947989463176834,0.0067948153647480174,0,1
8,0,0.8936720910619513,0.0770895683279582,0.013274116395915428,0,1
1,1,0.9864261036837871,0.019601864530485815,0.014782090724174144,0,1
4,0,0.8504163304014651,0.07828967686723345,0.0019971564894405124,0,1
6,0,0.7285786196876367,0.07752113172341712,0.014295547308692461,0,1
2,0,0.8144162989220698,0.0538545442140131,0.006902369288693698,0,1
7,0,0.9085924324280592,0.08071600782921845,0.004405723354934652,0,1
3,0,0.7561740846816171,0.042315031546491036,0.00022422046494560588,0,1
4,0,0.7984237653691499,0.06438632350104302,0.018975615489983725,0,1
5,0,0.8758450972489079,0.019198426756064847,0.016420413425432146,0,1
5,0,0.8256619680086057,0.0872617970196613,0.012223089804526011,0,1
5,0,0.7536851320891531,0.07271028277136563,0.015748514786763666,0,1
3,0,0.806694529849509,0.05434296812585927,0.004211677881652889,0,1
7,0,0.7191524136967302,0.014510881712529823,0.012379880105780203,0,1
6,0,0.9381903178130908,0.09113081631625708,0.013207927273987652,0,1
4,0,0.884745669936961,0.002192642978892323,0.0015327575030915752,0,1
6,0,0.7049848680181481,0.04535371067657184,0.01577643442184677,0,1
10,0,0.8049554161091178,0.03347434669573253,0.017440375118412694,0,1
5,0,0.9897473273324897,0.08092532276506549,0.0011956315089066227,1,1
7,0,0.9643283189150338,0.09779000472861887,0.0008640572870434805,0,1
5,0,0.8654602748939082,0.0947562639960059,0.008368395675346554,0,1
10,0,0.9809514942705536,0.06928357341425916,0.003732124353240609,0,1
4,0,0.8261286868421354,0.06676977617064715,0.006920341484612189,0,1
5,0,0.9421398486135021,0.04336459247320299,0.016057550757796694,1,1
6,0,0.8047312346348743,0.009707749047365745,0.017055504083304585,0,1
5,0,0.7751685269703941,0.06302102623992849,0.010161610723713473,0,1
6,0,0.8852309139670207,0.027587987971701047,0.0034314988752627198,0,1
4,0,0.7114921665974353,0.03474383632484667,0.014098396326035476,0,1
7,0,0.9247878734993311,0.005566639280432828,0.00480719632977268,0,1
6,0,0.9736090769354123,0.014642654164890002,0.013234041852844112,0,1
7,0,0.9214438853402169,0.06701726920589349,0.011570023033022903,0,1
6,0,0.7709930643645704,0.06641437572413672,0.0010195352693735194,0,1
3,0,0.9792226654844284,0.0537564816582714,0.004524115316072932,0,1
7,0,0.9080162582845936,0.00317597887404798,0.004163697560170823,0,1
5,0,0.7643481623168147,0.07723409755538425,0.005507414482433419,0,1
6,0,0.8636923379780695,0.06396382093034958,0.0021517688919974877,0,1
1,1,0.8942785352839046,0.03773911104236913,0.00429240549342445,0,1
5,1,0.7050133281213179,0.023554667376366446,0.011306279725797728,0,1
5,0,0.8041421791284328,0.09299941824196556,0.009498379744222804,0,1
6,0,0.7875235504723502,0.0501893025160152,0.01804824997158101,0,1
6,0,0.7140441871702682,0.08494115879493196,0.013890489935711528,0,1
1,0,0.8936997733637033,0.0011373366004648667,0.012207743609739375,0,1
2,0,0.7193537832214101,0.043850124827457704,0.015017261330697303,0,1
4,0,0.999122463073943,0.09737593072430138,0.007762373814407509,0,1
6,0,0.8021160129725451,0.06306372889592436,0.018748803497678514,0,1
4,0,0.7394216115416391,0.03360510462505926,0.01649709548827478,0,1
4,1,0.9916548904561123,0.05754668888529871,0.008323850153496092,0,1
4,1,0.9131587517949886,0.028926707283603248,0.005912985233147492,0,1
3,0,0.8634326787016071,0.006644583889262812,0.0032023909447210608,0,1
4,0,0.8011125065464435,0.05732426648480058,0.007072549901809653,0,1
7,0,0.7349223059394459,0.004589386787504923,0.003162989211390439,0,1
5,0,0.9608578249951989,0.02094523750253401,0.009980829154422579,1,1
3,1,0.9179712124983381,0.007989940095189352,0.010049597452876109,0,1
10,0,0.8416550819903402,0.042082495286779424,0.013080660139631481,0,1
4,1,0.7179021581011321,0.06503411692644334,0.0188701116757607,0,1
4,0,0.9250102293840712,0.03525621422424852,0.0007175936357769807,0,1
8,0,0.8526554935749644,0.05368662670843625,0.016021757000318174,0,1
6,0,0.7328061800064919,0.09666499966821125,0.0019385690088186492,0,1
111,6,0.382170032124394,0.8693607681218414,0.36847327935539553,9,-1
7,0,0.9811459018977298,0.06324355829402904,0.014672248056633344,0,1
8,0,0.9748701499939645,0.06972331404402707,0.015461416251367389,0,1
4,0,0.9514276680120854,0.02329920525459397,0.01499211373164708,0,1
5,0,0.7668756585057521,0.05742666896008981,0.006261133744327794,0,1
6,0,0.7846007708278605,0.08067447434722522,0.0033397270588498462,0,1
90,8,0.27852711549553616,0.45645914010649574,0.6493387739647256,5,-1
4,0,0.9887140981681117,0.09592385846504754,0.010649604137211768,0,1
4,0,0.9324144934033574,0.003359318907950748,0.013217315168034927,0,1
7,0,0.768422481832537,0.05051912287527693,0.007462970739059203,0,1
4,1,0.8431719624426793,0.08063289748473586,0.005653036370117441,0,1
7,0,0.8431149813150647,0.051876194580150796,0.016381376496128138,0,1
3,0,0.9293549683108395,0.07974269303831827,0.014569533682422656,0,1
8,0,0.7484571766897783,0.0008464421617309537,0.010931122903525756,0,1
5,0,0.725264036221206,0.061790742411864864,0.00032735528080165557,0,1
6,0,0.9708253044922233,0.04606990131165026,0.01425621514231528,0,1
4,0,0.90298838284189,0.0956606505463572,0.018830810001091835,0,1
3,0,0.8361009540901292,0.0965000209476719,0.01844796996584803,0,1
2,0,0.8183432322946356,0.0231026175844293,0.0012260764346892804,0,1
2,1,0.9818917574648734,0.04408802331348641,0.016900974257348614,0,1
7,0,0.8899063658614055,0.051600529217379114,0.015325762751796508,0,1
5,0,0.8511231086124186,0.05852501530514588,0.017292727459221,0,1
34,5,0.193112142146887,0.43324874610633657,0.7379888980730267,10,-1
2,0,0.8861016592185998,0.06698425087026116,0.009573605084003496,0,1
4,0,0.7512611301515426,0.06184434719336769,0.016526132546017556,0,1
6,1,0.9444105277199963,0.05280714117368049,0.012888576492845485,0,1
5,0,0.7826932690726832,0.03999945968094998,0.006572605166310053,0,1
4,0,0.8465408446749806,0.05606978174642661,0.010263871093899238,0,1
4,0,0.8561450243171644,0.005693495693731343,0.014261087920525748,0,1
7,0,0.8099044554125996,0.07027465744890764,0.012874779891998409,0,1
4,0,0.7142045214239707,0.05476857230291441,0.0031251663531529127,0,1
8,0,0.8729214080306176,0.0022250125495225205,0.005611693673869815,0,1
9,0,0.8823712372891444,0.04441328507580268,0.000975161975803982,0,1
11,0,0.9913221994797465,0.0795383174122618,0.0077420831673774585,0,1
6,0,0.7268729011883287,0.09682935582729514,0.01616980908382269,0,1
7,0,0.9546038694125669,0.05084165513575169,0.016537576405192538,0,1
7,0,0.8534076366200053,0.09879523682065648,0.0005485753753289213,0,1
4,0,0.9504822409641137,0.08025422571573416,0.006206854281144476,0,1
65,17,0.13588718597690247,0.5069467831979252,0.6415420585231673,11,-1
9,0,0.8853996185490968,0.02367722614039034,0.005550649484210542,1,1
5,0,0.7274879453497873,0.06483363201525237,0.005663665435620322,0,1
4,0,0.8340682480169728,0.07249822592095967,0.001131816952043314,0,1
8,0,0.9956445251714805,0.08940054147313162,0.011626872074794863,0,1
6,1,0.91609606398581,0.006717543126585613,0.018947356510217003,0,1
4,0,0.7316180421852589,0.03616203140134371,0.01891387769765051,0,1
7,0,0.7561955859105731,0.06385697780674542,0.004170120962804314,0,1
3,0,0.8415518391534582,0.025217110566518597,0.016896964125372376,0,1
8,0,0.8810289575484301,0.02576619198366853,0.011077867768320258,0,1
2,0,0.7233850208292756,0.08183845563594516,0.01184971161905575,0,1
6,0,0.9452294227641609,0.05624706135286772,0.0035065532507325826,0,1
115,17,0.15953844044516885,0.8240660493192855,0.6884782186764844,7,-1
6,0,0.9754142709644344,0.022384238856339833,0.014576980387292224,0,1
4,0,0.8466680149363719,0.0670930792954109,0.016066258244144413,0,1
5,0,0.9756019517733894,0.09268485431626762,0.01355815879469689,0,1
5,1,0.8483296602486965,0.04275221545602536,0.007322992744211414,0,1
8,0,0.7033808338568195,0.02652898777489179,0.0026900429520394266,0,1
10,0,0.9299852392387944,0.023838569215346817,0.0031879668134486175,0,1
7,0,0.8474916148342149,0.017004989290165928,0.015106799567109482,0,1
6,0,0.9940186946161853,0.03864959908767227,0.013949761131959148,0,1
3,0,0.7058246679629696,0.047178052891262916,0.00954729766827616,0,1
8,0,0.7819605495018946,0.014347570413421475,0.009520852938878806,0,1
4,0,0.7000921225101266,0.06658227640555923,0.01918080432894494,0,1
5,0,0.9660963273615968,0.031920393582553074,0.0011678476084859368,0,1
2,0,0.9954224821410022,0.0643302478494183,0.002335080720232776,0,1
6,0,0.9132570020398844,0.09499660880907373,0.005657433156948124,0,1
8,0,0.7902926546231227,0.04851869362088493,0.010681801214475291,0,1
3,0,0.8597898232086346,0.08917354610577938,0.016628835596676966,0,1
8,0,0.8600873763179853,0.04785587150803527,0.00773100369449877,0,1
4,0,0.9862572191004357,0.06951310490184183,0.010291974477485824,0,1
4,0,0.9093879133263769,0.06354125831353503,0.0005426644973613226,0,1
4,0,0.9296764712931045,0.07107073618692773,0.014413685005426304,0,1
7,0,0.8871421791762625,0.0587389474456213,0.006293436454226167,0,1
61,6,0.06768029128958516,0.6293390129742558,0.423688070706668,4,-1
2,1,0.7431223768059158,0.040123645396312795,0.00414541332036905,0,1
0,0,0.982343484161164,0.03963306537361231,0.009221313784192327,0,1
8,0,0.7907816862726111,0.04271747896730094,0.011694034090719712,0,1
6,0,0.7730149837781827,0.052031860824383824,0.0031713045888870253,0,1
3,1,0.8483558688910853,0.009509379980272938,0.0031186419261604015,0,1
7,0,0.8347331322595757,0.031525124302640505,0.019968339272985098,0,1
6,0,0.8402620786800608,0.03974352723870757,0.005192256191871916,0,1
3,0,0.9738645235668091,0.07874895686293738,0.0074050956784486015,0,1
4,0,0.9524078796877997,0.07251591512998297,0.008075341809116213,0,1
4,0,0.743941228023495,0.06886891509311675,0.00022402230776470412,0,1
5,0,0.8861657975784643,0.006892322134514528,0.016331100480810327,1,1
7,0,0.7581186358589768,0.0787720787296105,0.005919859643314574,0,1
6,0,0.7262079443992413,0.09638888681104885,0.008110336876527895,0,1
3,0,0.9983696704625731,0.09127266260883976,0.006386337008334715,0,1
5,0,0.7134602389187799,0.053170899658105245,0.01937896983506643,0,1
86,17,0.2389910306040539,0.5356559799841552,0.36417318042931385,10,-1
2,0,0.7723089197007776,0.07152429571211359,0.0022178304648834235,0,1
8,0,0.8154011874392302,0.05824561304695722,0.005430444510759496,0,1
3,0,0.9672751841694709,0.06831978506849971,0.0043325617516536095,0,1
4,0,0.740310884167607,0.02864648171450218,0.010415484772770432,0,1
6,0,0.9483409549894757,0.08360216584459729,0.008200430466241287,0,1
1,0,0.7741617111131948,0.026182156558079907,0.01964163802150876,0,1
7,0,0.7965732290745465,0.015944141162021242,0.010713823412858712,0,1
10,0,0.787714033814579,0.06172938264580871,0.01038750210421606,0,1
3,0,0.9817477697665358,0.01661909196155118,0.006785655636118837,0,1
2,0,0.8346794336300534,0.09136327461785047,0.011541374314120568,0,1
5,1,0.8345009024374541,0.04662569273026208,0.00639602491895977,0,1
5,0,0.9703764391308796,0.01924456053612408,0.011174361762158521,0,1
5,0,0.9714689834419379,0.05765350007681589,0.013978652536905263,0,1
6,0,0.9479498086903023,0.09032236249709362,0.006957146422801801,0,1
7,1,0.8039499313050543,0.09343052686364735,0.006587801836345377,0,1
4,0,0.7845356489813675,0.06757386646535418,0.0050245103862464596,0,1
5,0,0.9346585255204222,0.045293287057345304,0.007642919337775367,0,1
5,0,0.7449564761755882,0.051598408620936315,0.0030678684505384248,0,1
5,0,0.9518181913359736,0.012230431629372386,0.016704994080324675,0,1
8,1,0.9256238312588737,0.01104276364633331,0.006991692997790808,0,1
6,0,0.8312695975441428,0.09019314590929316,0.01689092838549415,0,1
8,1,0.7385704793808906,0.016769732291229366,0.010244570507310655,0,1
8,0,0.9046377866519602,0.06835880112819323,0.019525148794348423,1,1
9,0,0.988017482729432,0.021749318282011446,0.002056748299387099,0,1
6,0,0.9756293631082679,0.05306355823724562,0.0026798178151452644,0,1
2,0,0.9747869786397034,0.012741551880155345,0.018583802730586605,0,1
4,0,0.9968093927655588,0.07788234493358115,0.009736971502069466,0,1
6,0,0.9999702931027694,0.030825798950482555,0.014858072057647987,0,1
6,0,0.7178208921672312,0.08444732675138476,0.001415473402806109,0,1
6,0,0.770570373991194,0.08376609057760555,0.008563580762287214,0,1
7,0,0.7681586244063109,0.09790694033834729,0.007052896130686044,0,1
4,0,0.8614290806418511,0.0369135907964135,0.01006620061761898,1,1
4,0,0.8169232550880925,0.07783622637945345,0.007594544231866914,0,1
32,6,0.08256865608280564,0.5667681913152622,0.374762429501007,11,-1
3,0,0.8999129572577211,0.027518907242754166,0.006176836710092577,0,1
76,4,0.1533733421718111,0.8825705661377552,0.2062503180436999,10,-1
3,0,0.9025155754875963,0.042225926098707706,0.001923993876045933,0,1
3,0,0.7588923399686224,0.07955574983947843,0.016404423954830563,0,1
9,0,0.7136377676771153,0.004187469897321472,0.00181316987318342,0,1
2,0,0.7441361035202754,0.09880544606955094,0.015245340450748941,0,1
6,0,0.7100931467631286,0.007731879285780763,0.013286032005198572,0,1
85,15,0.38026073349930617,0.6589636233437265,0.5661620169849262,8,-1
7,0,0.9378956749944842,0.05285584624336817,0.005241418530042965,0,1
4,0,0.9584434433903819,0.05296048540659612,0.0026846410906293428,0,1
87,13,0.38338021699258257,0.6075469465109122,0.5932160718977322,5,-1
5,0,0.8649966946342651,0.05938592649655266,0.013726022514872468,0,1
4,0,0.9614356193856529,0.05446390556178581,0.009264734714746823,0,1
4,0,0.9573301278599226,0.07565147240490595,0.0127245173486326,0,1
8,0,0.8724864656658569,0.07023514608651067,0.005568889801108668,0,1
7,0,0.8605390600959079,0.043104341521183503,0.007139031390281728,0,1
5,0,0.7853821635481125,0.00979690903950673,0.016735322205099084,0,1
7,0,0.7518732408971567,0.0393610341944622,0.00682778402641107,0,1
2,0,0.8506713921064684,0.08080895864043981,0.006495901308238667,0,1
6,0,0.9429835027458708,0.07322045446193497,0.01292466429502768,0,1
3,0,0.8551889487670219,0.04021704270424106,0.00037452305319726656,0,1
6,0,0.719569798380246,0.04560677303972989,0.015306258457839332,0,1
31,14,0.1121488821833779,0.6083766735292813,0.6235398866637958,5,-1
4,0,0.871997729166719,0.05775212879124432,0.002881703221029253,0,1
7,0,0.9263865348296819,0.05462738210112592,0.011862147153673541,0,1
9,0,0.7781879540011226,0.012795816410830286,0.003934810448647199,0,1
6,0,0.8153109027203038,0.03798546287624521,0.014572313582409822,0,1
3,0,0.827451759432781,0.05330826606748024,0.0039619914406239885,0,1
4,0,0.9096207115450902,0.005538853457805282,0.010268134680208664,0,1
4,1,0.7901336138650067,0.07275346564904107,0.012693712287344045,1,1
4,0,0.8001324376808696,0.022144744191015576,0.004456785104838699,0,1
7,0,0.8040406659364011,0.08014416946695065,0.00908869733149569,0,1
7,0,0.918825997976277,0.03028949428617871,0.015868390543772662,0,1
3,0,0.7386715161644912,0.020079826431886084,0.0035871937910065934,0,1
4,1,0.7017259786969904,0.07069389729218749,0.001348292542856957,0,1
6,0,0.786950638713892,0.04210851343386199,0.0003538632227354155,0,1
4,0,0.9837215265968358,0.052665982611141596,3.89724674634273e-06,0,1
4,1,0.9160736202324946,0.06701074493444349,0.007896555033112531,0,1
4,0,0.9564633150422746,0.03607846415915289,0.0091405471004086,0,1
3,0,0.7646331961335368,0.030395190666170815,0.0003862750992417508,0,1
0,0,0.8801064056527246,0.06402192043670052,0.0032143882019865667,0,1
3,0,0.9836103924436008,0.009310928060046075,0.012519809315220712,0,1
5,0,0.7160366541949594,0.05357990655656452,0.009951714074137386,0,1
6,0,0.8975519341577188,0.015610499763740028,0.002086006459746692,0,1
1,1,0.8597261006599912,0.053130480196619395,0.01769781442861609,0,1
5,0,0.7738222426830486,0.08485861892000056,0.01635746115007853,0,1
7,1,0.9291049301349182,0.03400092669079054,0.0066189678947145385,0,1
7,0,0.7347556114904102,0.08088011061354547,0.012446305047736828,0,1
6,0,0.8326249051568048,0.07394128893979617,0.019555255769277486,0,1
7,0,0.7189762092622877,0.0519589278334257,0.007242243619617466,0,1
5,0,0.8080270287440652,0.09416309195000223,0.014512903765613346,0,1
8,0,0.705504962936228,0.09088513778823216,0.018652409335117567,0,1
3,0,0.8840677914434542,0.09914005415521357,0.009099473901557567,0,1
6,1,0.9168222303314864,0.07863171446992621,0.0029753715238081146,0,1
9,1,0.9858662838654579,0.09925380699054777,0.007449032870077354,0,1
4,0,0.8565747612046956,0.0067172836895008975,0.012289178519467259,0,1
3,0,0.8869213100207557,0.03226120614414176,0.004595929103572001,0,1
6,0,0.8817315509867121,0.06852107463384692,0.01764986254838293,0,1
5,0,0.9370080284926854,0.009414675228322357,0.0020070542781275803,0,1
6,0,0.8280528366686868,0.060243525559044046,0.006778543867137355,0,1
4,0,0.8831233611080997,0.057532457874306366,0.010980953950354547,0,1
7,0,0.737354640650086,0.03770222505665517,0.019047903481279032,0,1
3,0,0.7243583772460973,0.029299690691153204,0.006528201720688518,0,1
7,0,0.8955799178427252,0.015942620688830202,0.013079446514215328,0,1
5,0,0.7922912824300269,0.007585378579492075,0.0021741879960028567,0,1
5,0,0.8234022371245064,0.010611346010363943,0.0020192762248240227,0,1
2,0,0.8367769821101125,0.04368155865706389,0.007494434203846756,0,1
7,0,0.7948534152628625,0.09961529042006462,0.003543024390120655,0,1
11,0,0.7220135169231328,0.09968347619611584,0.005151380650473943,0,1
1,0,0.9399036409824442,0.03321549164526644,0.0026459104950445613,0,1
6,0,0.9342443893255887,0.054230007402408444,0.008107040680443475,0,1
7,0,0.8546925602202348,0.05590677276092374,0.01232880284935308,0,1
4,0,0.7074503222440043,0.05462980698788808,0.009256794043754717,1,1
5,0,0.8242901235492982,0.030519383443995265,0.0018652439581785796,0,1
7,0,0.8016528854749062,0.04124294900127587,0.011437445090187083,0,1
9,0,0.8180400156220837,0.08737537919937804,0.0008522657674166023,0,1
5,0,0.9102946018065481,0.0747832360934888,0.003116779696082368,0,1
3,0,0.9527399221637877,0.053737918791370756,0.009477657466884759,0,1
5,0,0.955107431571861,0.04394918664781392,0.014115335386152788,0,1
2,0,0.8612892029810635,0.0340286467098397,2.204636036449159e-06,0,1
3,0,0.7472902695150453,0.0076293543313913255,0.005204480420706968,0,1
6,0,0.9610067581567515,0.040956136029344385,0.013232537230647807,0,1
3,0,0.8131249521654964,0.001993216711971957,0.009542260633548577,0,1
5,0,0.8783795361846933,0.07235782116411493,0.00696775022230427,0,1
5,0,0.9581785674147854,0.0067164992605555085,0.01658669183264312,0,1
2,0,0.9388451524069223,0.09390691921010685,0.01895575029575907,0,1
5,0,0.9511526750918463,0.025387883939007483,0.01603258790925751,0,1
4,0,0.8443433079387926,0.01389332294404545,0.002530737668376375,0,1
2,0,0.921882999580998,0.05260436248909555,0.01441147536119936,0,1
6,0,0.9320551756813882,0.016898136922217834,0.0098098930327404,0,1
2,0,0.9714020312595211,0.0551188359541148,0.019146367319707244,0,1
6,0,0.8513845330298386,0.08043585113363325,0.012476133188510725,0,1
3,0,0.9345487825429936,0.055439197836691545,0.0002157699252498446,0,1
4,0,0.8997896854921099,0.010046621150850067,0.005312773327606344,0,1
7,0,0.7965311710745491,0.03415830522895853,0.004253528589897526,0,1
4,0,0.7853742217142946,0.05611123857080787,0.006158825190917073,0,1
3,0,0.7291107335529775,0.05000073593158823,0.0052919890829943375,0,1
3,0,0.9182747349684919,0.015989736029393808,0.01907762192196376,0,1
5,0,0.8180542037990862,0.0428473098156582,0.01675800101721976,0,1
8,0,0.7250929271749801,0.016756291105986854,0.005614839058853163,0,1
2,0,0.719034868262981,0.014028230859967695,0.009429126817615954,0,1
5,0,0.9992147481476108,0.0502721308954724,0.019329633180734877,1,1
4,0,0.8503210962121831,0.03778091004324337,0.0021286743739940307,0,1
6,0,0.9858413756691822,0.08049885589761221,0.015698786969691365,0,1
2,0,0.7050792250772974,0.046868051871282485,0.007059174549186782,0,1
5,0,0.8923459386580469,0.0016867181734858683,0.01232958240075988,0,1
7,0,0.8466417723204825,0.08440469653678644,0.013082911844825445,0,1
6,0,0.9072753465823098,0.03020787992734968,0.012733457360027674,0,1
7,1,0.9119682442968994,0.0982802539705019,0.011698749973564739,0,1
8,0,0.896909143240302,0.09512237456396053,0.010710388398218805,0,1
5,0,0.716427815833092,0.041362460261079106,0.014957144378379212,0,1
6,1,0.9957404052245565,0.033701781216078766,0.0032596019249844276,1,1
8,0,0.9568888926396915,0.004206584721517004,0.0006080580215729836,0,1
7,0,0.9214656716621026,0.04710674777451407,0.003468607405111153,0,1
7,0,0.8927079471150334,0.06608079429275285,0.01832903543635728,0,1
6,0,0.7029981324575711,0.07592134152107181,0.005045427574289853,0,1
4,0,0.869515475887121,0.08825528634851014,0.016044864359796965,0,1
1,0,0.8785029332555203,0.06974254581555553,0.017876140507749886,0,1
5,0,0.9194646047615698,0.09488596501778021,0.01398397805514466,0,1
3,0,0.9700290434389354,0.07237044259670307,0.018254769468621194,0,1
6,0,0.9193871158197664,0.018259874952854017,0.0037462749218133487,0,1
1,0,0.7857306700659705,0.03128829125959328,0.0027257815512373986,0,1
6,0,0.9079629333945425,0.04557193800652868,0.007770206571202227,0,1
4,0,0.9357484971670793,0.029522997737163482,0.010386212827937445,0,1
5,0,0.8514630404306798,0.09719900985807263,0.004171380566578567,0,1
4,0,0.8748295340330633,0.04984004256620192,0.014614938336949901,0,1
4,0,0.7946617812189564,0.07006217301596944,0.002334035368472733,1,1
7,0,0.8760429917905993,0.043123699139060716,0.012089971850663225,0,1
6,0,0.7158323747797845,0.04446444143253617,0.01830053561184791,0,1
6,0,0.9690057968517612,0.02241540044236986,0.008290770257025166,0,1
5,0,0.8690089142682952,0.018074030653922157,0.01781622827598492,0,1
6,0,0.7628405295415707,0.045313384872017,0.012322912528158385,0,1
5,0,0.7147836250087268,0.09539652333252742,0.01286347590678684,0,1
9,0,0.9058574501453807,0.007188789140512264,0.004444008261521697,0,1
2,0,0.7852448934670132,0.03584257423801488,0.0026262487235710055,0,1
5,0,0.8363788320864161,0.05988423755724687,0.0010375221199398332,0,1
8,0,0.8961753364820041,0.009488917523925111,0.007355551862308316,0,1
6,0,0.8077830747293678,0.07909176002781292,0.013570104536534884,0,1
11,0,0.9807438275448179,0.0640553796644048,0.019032544515566213,0,1
4,0,0.9041871785208209,0.08540154152059415,0.005438816056260034,0,1
2,0,0.7811604532401967,0.0887069762915735,0.0029937133420127647,0,1
8,0,0.80316815297571,0.04182027843427241,0.014858176920976057,0,1
1,0,0.9064111400659386,0.010973744721244995,0.0015762927828806839,0,1
6,0,0.9249865303312235,0.06643586916546444,0.019259452514854333,0,1
6,0,0.9407031996945858,0.0041208695741546284,0.0015753902782980255,1,1
5,0,0.7685761176114451,0.004722863966546753,0.016832634640942368,0,1
5,0,0.7355584086460378,0.09288898266555179,0.005302768074160857,0,1
4,0,0.7218076017756389,0.004084044294998835,0.0014785672977322983,0,1
6,0,0.7702995375898023,0.053370037341517164,0.010223476974354695,0,1
4,0,0.9498271167613113,0.05086746320899384,0.01786029867025225,0,1
5,0,0.7069438753081191,0.0662523910383704,0.0069513024519183555,0,1
2,1,0.8727285651148693,9.918644696270685e-05,0.0018155952070937143,0,1
3,0,0.748919760208019,0.0009063098186644415,0.0032704190239491782,0,1
5,0,0.9826601984429639,0.019701587961501933,0.016664544165435818,0,1
6,0,0.7235533654632231,0.0586879791796759,0.014100149482415057,0,1
6,0,0.8247502150804089,0.09462969204384414,0.007613529704829368,0,1
6,0,0.8398768162730486,0.003972915336469085,0.007755576390144628,0,1
3,0,0.8965764492517299,0.018287424811797116,0.005566687509265873,0,1
6,0,0.9451119335827538,0.040871252273951886,0.01921102965609521,0,1
7,0,0.7659956485414333,0.012056901695511513,0.01638927168353463,0,1
3,0,0.7401782479496964,0.049969291857097344,0.017151282807982504,0,1
6,1,0.8612464458502574,0.06086901292003547,0.007042957781110335,0,1
4,0,0.9930919488176557,0.03341577258471312,0.0005523275220985924,0,1
3,0,0.765347376198593,0.09206884411696956,0.005626714816128297,0,1
5,0,0.821291397418797,0.03474696414976216,0.01707457275928766,0,1
2,0,0.7691102990274448,0.05269193673044325,0.0011905846449635816,0,1
3,0,0.7319688651223155,0.09164653062325395,0.012181178323882965,0,1
5,0,0.849100891753095,0.047152548545207985,0.011935990734263678,0,1
5,1,0.9983290537600812,0.022669022666851335,0.006464671541357086,0,1
9,0,0.9212833485196398,0.013102850581229897,0.008477470121813935,0,1
3,0,0.7555647154451682,0.00016524881419711647,0.016445246052274223,0,1
4,0,0.912265849342066,0.009347892092662692,0.015389345492689279,0,1
5,0,0.9859648091518559,0.08436098291374418,0.009890079279178102,0,1
2,0,0.9244010946906607,0.07584101904270625,0.008114124412827328,0,1
6,0,0.7180108939007076,0.0743883110942502,0.006450589089551185,0,1
7,0,0.9602306806963199,0.053136786382133885,0.0181602325492843,0,1
3,0,0.9951784605104854,0.04823161043863218,0.008285642271266356,0,1
9,0,0.992497139580609,0.03140212505833905,0.0029755262569449935,0,1
5,0,0.7495111991560249,0.09661163224927549,0.015476015965775764,0,1
3,0,0.7946796505856724,0.0947893822684675,0.017199984375636017,0,1
5,1,0.8124196040359364,0.028125929052512978,0.013247341903733613,0,1
9,0,0.8011986330500775,0.09198410239886763,0.005528632234016156,0,1
9,0,0.7518581574966181,0.02210028923246478,0.013398280375928722,0,1
4,0,0.8123433694763762,0.02348360491475329,0.011717979415020799,0,1
5,0,0.9574234216674831,0.024037395403146623,0.011188295202370737,0,1
2,0,0.8838695310944554,0.054347492038436335,0.018529188746725475,1,1
6,0,0.9449380760298504,0.02147335023842284,0.007497231993035365,0,1
7,0,0.9354319609427153,0.06340483764363651,0.015061993595432675,0,1
2,0,0.7858362723471362,0.03564781651478325,0.015616946896374748,0,1
4,0,0.7758743783493296,0.023810562747207876,0.004009109226107599,0,1
7,0,0.7595620608483682,0.01124506732335332,0.00869606408970045,0,1
2,0,0.7270023821337815,0.024660676368023562,0.014064677122246452,0,1
5,0,0.8053413440786968,0.03569149014715152,0.004708799594521604,0,1
4,0,0.8257094251252383,0.08260820696300232,0.012402280243372506,0,1
4,0,0.9049976297607654,0.04082933937892161,0.00402270221353064,0,1
6,0,0.9911954899143369,0.01820676122780246,0.009395500196773826,0,1
1,0,0.7885378132018231,0.049855764028177596,0.000558196087909677,0,1
7,0,0.7834333742273069,0.044416878087280454,0.0038470494546471246,0,1
4,0,0.8193574054711767,0.04912345688318851,0.0035300881817916974,0,1
5,0,0.9883623703668579,0.06516521611507163,0.012249028969146501,0,1
1,1,0.849868646780477,0.040801023149753674,0.0041186430062469075,0,1
3,0,0.737172409179084,0.0874101063016566,0.011752545944829414,0,1
9,0,0.854355999486503,0.06314982826872882,0.008745090013661843,0,1
6,0,0.7768393272886346,0.08407461546868152,0.0049035908068456435,0,1
2,0,0.7260413721143906,0.02707952963474134,0.004552233767316267,0,1
5,0,0.9745299722823588,0.06577370789874724,0.014123346857790492,0,1
7,0,0.9833689790746758,0.037798925056923505,0.007793366402163313,0,1
118,12,0.22883208462687055,0.5797377873912726,0.3766164126825823,10,-1
4,0,0.8146891044882887,0.024214469973925058,0.016376387737406083,0,1
2,0,0.782099876230548,0.035032187210622234,0.019959652674149477,0,1
1,0,0.8891279394140972,0.038669253800555574,0.0026423128875802007,0,1
11,0,0.9673309432503108,0.05525197803669779,0.004225628769974998,0,1
108,16,0.13724168505202,0.6310824520667178,0.4901556144511221,9,-1
3,0,0.7271109245537434,0.04764826341747147,0.007067683114043546,0,1
7,0,0.7890912872054711,0.07645514642704901,0.004806419105852107,0,1
3,0,0.9068022594028637,0.09768293218758518,0.005026298359175103,0,1
8,0,0.9970978283580596,0.060730874292127535,0.019833190914959248,0,1
7,0,0.7495713670631202,0.016926475071541904,0.016575834106003915,0,1
0,1,0.7526171004920837,0.08168020229895602,0.01830634385278605,0,1
5,0,0.7965209548938886,0.04274799709858354,0.019079514281610855,0,1
4,0,0.8956197459055834,0.006207848403203609,0.011854559584797213,0,1
5,0,0.8501999920668156,0.024935463012534544,0.0120369526009446,0,1
6,0,0.8933926019819047,0.08152218542121183,0.0037409032733985636,0,1
3,1,0.9529778441943229,0.06282100771662479,0.015724996564974555,0,1
3,0,0.8820044638573874,0.08086042521738349,0.01594210044668187,0,1
5,0,0.9120702705027163,0.0323818534558275,0.017314152110500716,0,1
8,0,0.9142368405483223,0.014436455886967438,0.0176048009159091,0,1
7,0,0.8083179094834585,0.045756712357230146,0.008089593906159095,0,1
2,0,0.8811451656904815,0.07725521342662027,0.018561050481375876,0,1
5,0,0.8382116580764114,0.05156399740198452,0.0014710761298298248,0,1
2,0,0.8959945674307439,0.04579017854781379,0.00474162809862543,0,1
52,10,0.09977300818515439,0.9445565367616736,0.7746797549299917,3,-1
7,0,0.8776008946478036,0.04023111965189975,0.008931143140681518,0,1
4,1,0.9503787215884951,0.08992221519747273,0.00133085630216355,0,1
3,0,0.8657231400604026,0.09975056931735013,0.0036938755348465226,0,1
6,0,0.9050742499974129,0.07973141440866252,0.004481048240647001,0,1
3,0,0.7528423401622529,0.05373166952330477,0.005106868723009817,0,1
5,0,0.876692630428456,0.015906384061818334,0.002647459188050052,0,1
7,0,0.7541521359533191,0.06549806940388882,0.01728549520681417,0,1
3,0,0.8187312496501115,0.09000235976577259,0.019594350007715734,0,1
10,0,0.7469652024783566,0.021351849044336426,0.013378278544685554,0,1
5,0,0.9200324481431974,0.03591703511697899,0.007685611369195104,0,1
4,0,0.865041902447595,0.07530630462874002,0.0036645173381070874,0,1
4,0,0.9443538638849209,0.024286465053126628,0.0005257969776144589,0,1
4,0,0.8641986227029448,0.02414830362074734,0.0011805342164084597,0,1
1,1,0.809595868949453,0.053411183840251335,0.014573377635252608,0,1
8,0,0.9484978738278237,0.059346122245183625,0.014393068673780705,0,1
4,0,0.9345043623878859,0.062337076022089724,0.01024660510539166,0,1
6,0,0.8269316443828989,0.04911832004296031,0.01957931532903879,0,1
3,1,0.7728014050995413,0.0031522185307112927,0.01777554051005895,0,1
1,0,0.827184852182245,0.07256554636438664,0.00191699267537498,0,1
71,13,0.3306117540638067,0.826204013059076,0.39575671728023976,11,-1
1,0,0.8044116830264616,0.06253982429914524,0.006449575074391032,0,1
8,1,0.8655590907503496,0.07897317633200117,0.015090700030465363,0,1
83,4,0.25288618974119215,0.8130230587191818,0.314207091082111,5,-1
2,0,0.8488104428218792,0.008616669340141504,0.0011780503042395597,1,1
3,0,0.9373854486776203,0.02922947658618158,0.01048850623484051,0,1
8,0,0.7186668086136527,0.07977039302997685,0.00520366342164069,0,1
1,0,0.9947763434655403,0.09583093627029349,0.014796326687764203,0,1
4,0,0.8469357934183799,0.03743141582836784,0.014668118898292145,0,1
5,0,0.8304914127495102,0.022911466775667657,0.01494537976366868,0,1
4,0,0.8751511781506973,0.030812640760385247,0.008573064357045369,0,1
2,0,0.9759682542456893,0.06845883976530838,0.01653085312144753,0,1
2,0,0.9827770642830735,0.07710442979389816,0.015604667343036019,0,1
3,0,0.9499435911587276,0.006868468621938873,0.01982456892177249,0,1
7,0,0.9521219966691142,0.02161538276063797,0.014551312831419394,0,1
2,0,0.7741199936272626,0.07747068680155617,0.006522230256852422,0,1
80,10,0.38037432333460786,0.45133046221645284,0.38212172590524135,8,-1
2,0,0.7906513789915863,0.028020286713891996,0.002110982734259008,0,1
5,0,0.7218948144192853,0.09857676058248134,0.01209069252168993,0,1
7,0,0.817706788144468,0.007573283745947557,0.005041138570880937,0,1
4,0,0.8674428185321965,0.04980103938344335,0.010921249932609154,0,1
5,0,0.7182617995874202,0.09655469178939455,0.007558682126901062,0,1
8,0,0.9755355015781366,0.016737285154013605,0.008060646690850977,0,1
5,0,0.8264685268350759,0.06338838402196116,0.014670527818766065,0,1
7,1,0.8987801508640855,0.0746826506149094,0.019446633569245825,0,1
3,0,0.9214125415042619,0.06156151093887886,0.004419634466663615,0,1
4,0,0.8455158004286418,0.048034157622222684,0.006679127126888918,0,1
4,0,0.7706340476654993,0.09153289446656504,0.004448859115882053,0,1
3,0,0.9371104674595263,0.08510265963017416,0.00637116516376167,0,1
4,1,0.9355802683026659,0.045628011027362914,0.0007834741416438118,0,1
4,0,0.8740563289913597,0.01768173577797928,0.0018347489575746146,0,1
8,0,0.8616976027275882,0.04665617051432619,0.015997164435057824,0,1
6,0,0.9472312371565665,0.09002165023806065,0.01871042570928806,0,1
2,0,0.9295729968582275,0.015593515131607828,0.0164246042533853,0,1
8,0,0.970154647738941,0.03731834598636818,0.012860353648280046,0,1
0,0,0.8697801246076142,0.05888693902072113,0.007654125703800054,0,1
8,0,0.9752395676664412,0.04725779348875353,0.009494752299746017,0,1
4,0,0.9118007228701573,0.06510789757492527,0.01139457338678234,0,1
6,0,0.9475644984713719,0.03096228929261563,0.01984930157555518,0,1
4,0,0.7208343478163203,0.025740488847936574,0.015396323188753868,0,1
6,0,0.8036330828381542,0.06304160284191185,0.012533798044507154,0,1
7,0,0.7618416754631191,0.0826797739763546,0.0036095339218184665,0,1
6,0,0.9391297921202035,0.0400637044188028,0.0007789531779895609,0,1
8,0,0.8433648983895969,0.07920842965739526,0.006796118909915248,0,1
3,0,0.9426125934462232,0.037524140689024855,0.000707016420813884,0,1
3,0,0.9796877727619502,0.039756600878917706,0.018281733474088038,0,1
10,0,0.7757407892563838,0.0316079718679505,0.01681897039609643,0,1
5,0,0.7032168408683155,0.07511665107956239,0.016279613463455977,0,1
8,0,0.9463578275090843,0.013602642487760275,0.01605530575072608,0,1
9,0,0.9230495857349299,0.045544964464014015,0.01647711600984916,0,1
5,0,0.7172580351143962,0.07835926574173305,0.0021869364659637823,0,1
6,0,0.7629782281838479,0.0439963149507692,0.014676437741392653,0,1
5,0,0.8891219555683134,0.052802735073022106,0.008884878416046441,0,1
7,0,0.8595228194843924,0.055256975190195706,0.006724523861696312,0,1
2,0,0.758344669219138,0.09739780950872451,0.013016104850536678,0,1
4,0,0.9178608362917301,0.08241791853439435,2.502775131509871e-06,0,1
8,0,0.8408742110055477,0.003914551360901653,0.011545369869846478,0,1
6,1,0.9821677782270535,0.052550514315079414,0.019478113468740073,1,1
2,0,0.8016912511574679,0.04512450533654486,0.016674978618413664,0,1
7,0,0.7215799454444097,0.01780654383247321,0.009451398194501444,1,1
7,0,0.9433353618222086,0.020495766223228063,0.0034050976544429236,0,1
4,0,0.8136644708205866,0.06797565876823719,0.018827624999540583,1,1
6,0,0.8135314264145348,0.0115414239091318,0.008229697522730844,0,1
4,0,0.8944331763372916,0.05133940715850475,0.0012363046755945839,0,1
4,0,0.9795392963397995,0.08897356025039052,0.007746894632715498,0,1
4,0,0.9289880657676842,0.015060027342759276,0.01581930797737398,0,1
3,0,0.94165805872151,0.006722323495459781,0.011360932835750306,0,1
4,0,0.9527881596587899,0.03494829772240141,0.014994484044272003,0,1
3,0,0.7410350031761558,0.08107614681476384,0.008110269944485634,0,1
4,0,0.9899961013983227,0.017313679127383252,0.006612262187224671,0,1
5,0,0.7204618704228176,0.03022999041223459,0.00982067239733603,0,1
3,0,0.8652886664256172,0.013658893837642395,0.007542501997125042,0,1
5,0,0.8705716459420643,0.022499867701757117,0.012650988892371116,0,1
77,8,0.1647491385675252,0.583950148368282,0.36767309319207875,9,-1
10,0,0.9670427930439662,0.08597796549704967,0.01822623164351252,0,1
3,0,0.8218812104941853,0.08507993783196138,0.007009725677961531,0,1
3,0,0.8242083771266082,0.011301262534697843,0.01853606732879571,0,1
5,1,0.9861501915624875,0.007870700136851639,0.002677541683269196,1,1
5,0,0.8601104491529654,0.008757281726623012,0.012156990579808022,0,1
9,0,0.8130303220613234,0.0900339963874295,0.016502327418201766,0,1
106,11,0.17670858440020937,0.6871889329203237,0.4444142146625722,11,-1
5,0,0.8730914964330385,0.09296864524641509,0.0008704417724661928,0,1
6,0,0.7444423653167127,0.003317275703518896,0.007942938050397325,0,1
92,4,0.1030280488696235,0.44871771296147533,0.7816221746110799,10,-1
7,0,0.9726270450799864,0.021939671056357603,0.011604676468706599,0,1
7,0,0.8786512645858309,0.07801338491950921,0.01464124194138682,1,1
4,0,0.7959331867146698,0.03030467483185866,0.0032366413517244275,0,1
6,0,0.7188929320439982,0.013736865457490277,0.019962602318476505,0,1
116,15,0.298616546901673,0.7943595707506214,0.4899484059321521,8,-1
4,0,0.8228137245310692,0.051733449847949524,0.004487448622351116,0,1
10,0,0.9262605597656052,0.010254812592464657,0.010206145284224515,1,1
62,15,0.24668662938063612,0.5254381263481277,0.4892329412029854,4,-1
8,0,0.815936924200172,0.06068078346024335,0.009017673928552287,0,1
9,0,0.8828187290296722,0.03523827591064654,0.00013180325659426062,0,1
3,0,0.7638896350004303,0.08397840356173905,0.012382208753632079,0,1
5,0,0.9470722832053922,0.030509498115351266,0.0015585426576224038,0,1
7,0,0.7974006633680375,0.0217549430014358,0.01645267110632329,0,1
1,0,0.7430942095216359,0.09004570727479824,0.013483188443992673,0,1
6,0,0.8050645390394529,0.04770771715592135,0.008634874846498523,0,1
3,1,0.9931042778799684,0.037994180841802866,0.009990707954880804,0,1
8,1,0.9943733802047172,0.07377207361681894,0.006125153528118088,0,1
2,0,0.7032720985953385,0.03902968823772103,0.013576146872767711,0,1
2,0,0.9688170062493954,0.06653496322635664,0.018858999894400163,0,1
7,0,0.8942556961897137,0.01639621188180748,0.014127752691168546,0,1
1,0,0.8673015714107699,0.05526956887627854,0.00926793293212,0,1
4,0,0.8094463126652548,0.03681557403627879,0.007570460869265064,0,1
6,0,0.9656865470376841,0.08172588110138801,0.017794205469516974,0,1
3,0,0.978238384073028,0.06864123437411651,0.007177454636514524,0,1
4,0,0.9254122796074031,0.03997775476738868,0.017540331232353424,1,1
5,0,0.9538696264374602,0.05750471664439502,0.015220052555200474,0,1
6,0,0.7822622815180734,0.05521538195470366,0.013970567141634794,0,1
5,0,0.8281431775329935,0.04878029888688149,0.01655949832156076,0,1
6,0,0.943931613818358,0.070582689528211,0.0055756549174626096,0,1
4,1,0.7421849070646851,0.07135270327045973,0.006643465755769713,0,1
5,0,0.9289569612158484,0.060002740267912996,0.0076057049666907964,0,1
6,0,0.8695877228553692,0.01940299482396042,0.010144202080578495,0,1
5,0,0.9162797645025734,0.09884046921559464,0.017351600615880695,0,1
7,0,0.9582403609996639,0.08270454911428297,0.00592624276894088,0,1
4,0,0.8479978830389641,0.04344459512198787,0.0006982722920643481,0,1
3,0,0.8788589340167476,0.07906273393830772,0.0023618351639426672,0,1
79,17,0.3907853393727953,0.5588783511861082,0.20260778228456744,6,-1
7,0,0.7940982727527005,0.0811393712344411,0.000513697506094204,0,1
6,0,0.9851873407810949,0.07064856350072252,0.011299805961642633,0,1
6,0,0.9472997013205745,0.04644732619596725,0.011324240898212068,0,1
8,0,0.8613744100593216,0.06910901864951653,0.008600236023081947,0,1
5,0,0.9353919743406798,0.030897646078681718,0.011722828664847355,0,1
6,0,0.9225900115942879,0.002731951164174329,0.012762787979376392,0,1
3,0,0.9133721775408818,0.050636155963050836,0.014747096200497222,0,1
3,0,0.7129252648470592,0.017957876061053302,0.00890540056363123,0,1
3,0,0.898694657332638,0.00814408673219329,0.013393022446072197,1,1
3,0,0.770580831354012,0.08240876121707438,0.005766410408345511,0,1
3,0,0.9617279628971256,0.09143635202447617,0.00904522020150481,0,1
5,1,0.8018710218415757,0.009340768176021598,0.006558391027428996,0,1
116,17,0.2787059418947727,0.9347226177916417,0.6664100377304062,3,-1
3,0,0.984201553624233,0.06722736540247368,0.016837865720013452,0,1
5,0,0.7304224438712592,0.031937166643826176,0.011230581461088853,0,1
29,13,0.22482037072175298,0.4475218482595319,0.45092296496907047,3,-1
4,0,0.7393674855331871,0.04752549026080286,0.00834079917938465,0,1
4,0,0.8014649551547517,0.0006920095584826758,0.0021613859056228745,0,1
2,0,0.7354487915601848,0.035880388056886696,0.004916625365799421,0,1
7,0,0.8982186910447523,0.0635259138646927,0.00221623205673271,0,1
9,0,0.7824655274822199,0.04940725774332068,0.013910951688310587,0,1
5,0,0.8364659347218494,0.04522627625236084,0.0004272214770231475,0,1
4,0,0.9631918570936173,0.0412049225889386,0.012417765383634954,0,1
0,0,0.9098789358453205,0.0542855351031339,0.006756812381496953,1,1
1,1,0.8183567783608786,0.09763129001106398,0.014242649689451766,0,1
6,0,0.7878249475561019,0.01938763993928193,0.012027343536260062,0,1
3,0,0.7889603288064437,0.012329646637124781,0.012923803390664743,1,1
6,1,0.86841070516551,0.050793326717206266,0.010274902889609232,1,1
4,1,0.8845796103912918,0.0613370169761843,0.008675254875851223,0,1
5,0,0.7481687133424528,0.030566407259245733,0.0008879311833926651,0,1
6,0,0.8548947966547353,0.09139165788960331,0.0006721848042579337,0,1
84,14,0.057473519639079956,0.9047093127531767,0.3063862912566255,10,-1
3,1,0.8227682782252292,0.0528482000959547,0.008412793151306356,0,1
7,0,0.7651460649505561,0.06456467922587326,0.018880850034716158,0,1
5,0,0.8099150176769755,0.0085535359299462,0.001309274426040421,0,1
6,0,0.728249142655849,0.07557674009492923,0.010419922519716338,0,1
5,0,0.7875928025996692,0.07009066841294541,0.00783938924699834,1,1
37,11,0.307441970460686,0.6734616514701309,0.41099654787198425,7,-1
4,0,0.8403497018115227,0.001444210423514547,0.01822470726516296,0,1
7,0,0.919839015907346,0.04298519782898518,0.01990684633217646,0,1
9,0,0.8522423063990222,0.0754523676563289,0.01314353010546957,1,1
6,0,0.9676839657569445,0.05568587557372619,0.012977967959941517,0,1
4,0,0.9908771009363802,0.08967781168692344,0.013551964215768847,0,1
6,0,0.7937740776579282,0.023686070944035898,0.007146189388161004,0,1
10,0,0.7942810294662768,0.05615757366260343,0.01621619792964943,0,1
9,0,0.7999953445495726,0.015311353090573344,0.006809841730570685,0,1
4,0,0.8219684510270977,0.056041151001561096,0.008339168479295484,0,1
2,0,0.9009244353063471,0.07918518627551306,0.005981621705091351,0,1
5,0,0.9639840228619385,0.058590423562754394,0.01699593341307313,0,1
2,0,0.8631216868491786,0.015323232023461121,0.0012205542286483984,0,1
4,0,0.9989466598530461,0.05411738301381054,0.01750523215315996,0,1
10,0,0.8720817358371409,0.07216855993076979,0.01709738049566552,1,1
5,0,0.7054642092795933,0.06461871840148815,0.015476066624949627,0,1
47,4,0.1937787873507823,0.874224531328184,0.694074845872543,9,-1
2,0,0.7807460922913269,0.032853511659620596,0.0038779182876675766,0,1
3,0,0.7225936970371389,0.015073108427593775,0.005748312341612403,0,1
8,0,0.7256933997622181,0.08551958061969787,0.011250228322095324,0,1
2,0,0.7197942709348639,0.04302000967426576,0.01005776113571336,0,1
5,0,0.7193813944258962,0.07356887486702045,0.017975184519599494,0,1
6,0,0.9520528893469011,0.014351966414225627,0.01087939271595411,0,1
1,0,0.7557163556502902,0.09778918579104595,0.010831815565465489,0,1
6,0,0.8958485194666006,0.004355758035475144,0.002854007196587016,0,1
2,0,0.7652155312831823,0.038454551264253824,0.010856347241563513,0,1
4,0,0.9135164775181712,0.09655592183186583,0.005764059266465664,0,1
2,0,0.7633481409888256,0.08801721806407566,0.008462870426929557,0,1
9,0,0.8656012839655953,0.012860035622519184,0.012202860901510579,0,1
3,0,0.8294786231793008,0.06447752339478499,0.019785034569591093,0,1
8,1,0.8040529913696421,0.010693606349574392,0.011087694116630199,0,1
4,0,0.8302683330978916,0.050395863768467844,0.013088396710794455,0,1
6,0,0.8702482598443189,0.014036273138610056,0.013641536361022857,0,1
1,0,0.7143694064402274,0.0015375624044496996,0.01607539905082229,0,1
4,1,0.9535337239213483,0.03627338182169442,0.008463032350274782,0,1
4,0,0.9672594871107328,0.011907342598274097,0.017248932529104047,0,1
1,0,0.8357663985845704,0.049530165368961,0.016300369957405015,0,1
8,0,0.7101190322373157,0.0020836826262080944,0.0018242855750529952,0,1
4,0,0.7872851276656386,0.07269663444610398,0.0004291082457408657,0,1
7,0,0.8713085173751357,0.017516652389973787,0.00677323892472945,0,1
2,0,0.9611993432856267,0.07137081022743243,0.015388108018194322,0,1
6,0,0.8381142626277932,0.022150078100918735,0.0014111591053084839,1,1
5,0,0.9800888332099191,0.09577866361101016,0.005213830963062276,0,1
2,0,0.8546267344020739,0.014549135745701425,0.01736231146446961,0,1
6,0,0.8304255178719967,0.06697758460373637,0.006538249345047844,0,1
6,0,0.915806749525157,0.007400457569950248,0.012835725954096098,0,1
11,0,0.954030159857999,0.08430143548449627,0.017690041624529855,0,1
6,0,0.9485985413363258,0.07237496526342933,0.010001425013476,0,1
6,0,0.7760615987557525,0.034416352675180395,0.016754384862707538,0,1
4,0,0.7316396890028258,0.0512268750784452,0.017382319734219644,0,1
66,15,0.22360509083941033,0.9215255833091262,0.7063247374470392,10,-1
2,0,0.9043328495932779,0.091851015068855,0.013299709069773605,0,1
5,0,0.7954975639168802,0.07025765699642202,0.018998499419489463,0,1
1,0,0.7068422982062869,0.0410529113946716,0.015600521291477792,0,1
12,0,0.73522121870908,0.06374636288776231,0.005707570351450791,0,1
6,0,0.8411394947852807,0.033268529737564057,0.008888828683539919,0,1
3,1,0.9761848252676937,0.025227362939496047,0.010913084152286976,0,1
5,0,0.7189078209494615,0.066752796926315,0.006433034766058241,0,1
4,0,0.7947494485459171,0.022724482788806136,0.011284999095259814,0,1
4,0,0.9048813393098039,0.07018993438689736,0.004611501102511253,0,1
4,0,0.9058050207939865,0.047310086149009084,0.01632676373808488,0,1
9,0,0.9379038174638096,0.03871577061334354,0.0004708056855917975,0,1
2,0,0.8768752863260051,0.08703539993056497,0.010183864949158562,0,1
5,0,0.7672907880474924,0.02046689475939475,0.0026619653765882177,0,1
3,0,0.915184891579632,0.07218427497552397,0.013275938677651197,0,1
2,0,0.9637805878259404,0.07349148821595668,0.010229771762439076,1,1
9,0,0.8032041124813567,0.047511095848335884,0.018642039199487287,0,1
6,0,0.7094678647184001,0.084040509844453,0.004328739412646776,0,1
2,0,0.970311549320207,0.0887580048589568,0.005517976338436956,0,1
8,1,0.7285008285468791,0.03185185765852842,0.001289450893327022,0,1
7,1,0.9425206899392684,0.005824345277147125,0.0071704435760569195,0,1
6,0,0.9624910613433586,0.09785877558497821,0.006165340059724986,0,1
9,0,0.8769881939428266,0.07842633772952806,0.0022341224446594298,0,1
3,0,0.8399341269276673,0.0061372929813478866,0.004845623202359179,0,1
8,0,0.7110240629870662,0.09308324158174879,0.010431089048059797,0,1
2,0,0.878664784121756,0.07390403874984554,0.007434325957979688,0,1
7,0,0.921026903599427,0.09676641981464208,0.006532677205619864,0,1
6,0,0.7423236764558123,0.04608899696277167,0.005602403932027762,0,1
5,0,0.9564173782355307,0.039031321255148535,0.019775082108268133,0,1
3,0,0.8805429426570942,0.028930431710405324,0.003639912427082186,0,1
11,0,0.83146824836473,0.012958216792992272,0.008131708199316183,0,1
7,0,0.7152350917710254,0.09634586620379476,0.008603879092025313,0,1
4,0,0.7786935526137927,0.09784342239890394,0.012253117904567462,0,1
8,0,0.9908375700462123,0.02810651489467352,0.0012017670548656924,1,1
9,0,0.9123280917476211,0.03440774375102738,0.004112904468987908,0,1
5,0,0.7102293585000259,0.007983893135040021,0.0007451442137559927,0,1
3,0,0.9920207826785068,0.06473468584557034,0.005271783617467008,0,1
6,0,0.9631610032282014,0.029066212134826352,0.010360089047145067,0,1
3,0,0.7674194932515094,0.04967912584296959,0.007842668651061344,1,1
4,1,0.8744214310640972,0.02532708956674702,0.016652851566702688,0,1
4,0,0.8706401046651273,0.043584110365201205,0.008901522839859106,0,1
6,0,0.7710520110608228,0.06093563739279924,0.01666547368426237,0,1
7,0,0.9011913238979337,0.08927063140950847,0.010839295748522023,0,1
6,0,0.8203207931970348,0.08573901695871815,0.006516935607814758,0,1
3,0,0.856625142748683,0.04490292455859371,0.0064723648510861985,0,1
10,0,0.7075874226968899,0.02332049166502358,0.012188995167605472,0,1
3,0,0.8987247238243475,0.00032811290103006434,0.0039030612113544172,0,1
3,1,0.8832352809413613,0.026386487603991995,0.006605874751855001,0,1
87,5,0.21565175805566023,0.8793181891917186,0.6807208459561706,5,-1
4,0,0.8757907536099686,0.0817699311847606,0.01417901848668314,0,1
6,0,0.7662110561652716,0.05182268934748777,0.012689907819311126,0,1
3,0,0.8375241495376593,0.030397027597100546,0.017717260521513206,0,1
3,0,0.9243015310240474,0.01694882749200567,0.0063088893216379565,0,1
3,0,0.9971123568901636,0.05978213785879018,0.015061669193464114,0,1
3,0,0.8214753140106417,0.03902788639885523,0.015870539033489672,0,1
2,0,0.8194447851802991,0.020064640888939445,0.016961512327511658,0,1
5,0,0.8314302066373147,0.097132970021232,0.011357964579003494,0,1
5,0,0.8448625365918069,0.03002488469161385,0.012905484593309239,0,1
5,0,0.7132468147335194,0.08954351007561061,0.0042123307698572355,0,1
3,0,0.8633643561137432,0.033381956855260124,0.01386961752714757,0,1
3,1,0.9881776863568538,0.06041919507436641,0.013498161823438902,0,1
7,0,0.8239819532136607,0.07850544340255,0.009686526049870133,0,1
2,0,0.8674325323649572,0.08756180199406925,0.01520535552647924,0,1
8,0,0.8214496401955675,0.032645077041750306,0.019584701850723467,0,1
5,0,0.7397370372600635,0.01833838334937381,0.013262040700903381,0,1
5,0,0.7368663368384166,0.09975477616173603,0.003609134335633617,0,1
3,0,0.7790691667556552,0.0017691923121148313,0.006799117964764041,0,1
1,0,0.7377900328914059,0.04719772029376541,0.0029202073422134856,0,1
2,0,0.8152529665613252,0.09684148626956181,0.008888712195490776,0,1
4,0,0.8478563016714811,0.04204391792795369,0.01609223402050682,0,1
4,0,0.7624856758192701,0.011805889976181417,0.0011505999754416018,0,1
5,0,0.7045649589072931,0.00989428220505234,0.015630463021237124,0,1
2,1,0.9076701623936262,0.08935207545890411,0.01343030487392772,0,1
2,0,0.7190954111003882,0.06070322382630962,0.012897908206032222,0,1
5,0,0.7176688976283145,0.04881452095272655,0.019150279286432332,0,1
2,0,0.9543851724182247,0.0095811579656797,0.003598283932213964,0,1
4,0,0.9086868408574742,0.05797871585837261,0.014096046896817217,0,1
5,0,0.722427354016534,0.097221465094627,0.006372088626929855,0,1
3,0,0.799911527019602,0.06383535841526276,0.014213411980825423,0,1
2,0,0.8322926165339226,0.07459668078860847,0.005914181912099857,0,1
1,0,0.7008252986661763,0.07533854240156095,0.005668844789074994,0,1
9,0,0.785558627885326,0.07310663732984578,0.008113638010042605,0,1
6,0,0.7455530336935826,0.07778299791402038,0.002811197935393375,0,1
6,0,0.856841784901694,0.010884232282754614,0.019759882228126534,0,1
2,1,0.9200932195787699,0.022201053427432095,0.015600602151866748,0,1
6,0,0.7374711833881502,0.05400934210977146,0.0019324293907418656,0,1
2,0,0.7416782439738588,0.03462742664774084,0.005301084639777747,0,1
4,0,0.9910305292994684,0.05251589587779172,0.0057511913018139784,0,1
5,1,0.9281601964029085,0.03740051993732892,0.015879013742103047,0,1
7,1,0.9252919779001317,0.021968762542948175,0.016204789257985356,0,1
4,0,0.7260936253192634,0.06461303683672054,8.550249320981917e-05,0,1
5,0,0.8982493895581156,0.04650441535582911,0.010190588932616556,0,1
7,0,0.9968065045382557,0.005966222333060489,0.013002211994562026,0,1
4,0,0.7925066317686854,0.01388166822433209,0.013896742292606262,0,1
2,0,0.9124830476971708,0.013740987023399188,0.01998821175713274,0,1
94,7,0.27382566563480065,0.8285414086394134,0.31321939807719956,6,-1
7,0,0.7626673102730215,0.013144601664821244,0.003382751866449476,0,1
1,0,0.7087262855766923,0.08670150784720089,0.00843308013643677,0,1
4,0,0.9366765797242309,0.06138064011754338,4.817679743351899e-06,0,1
6,1,0.9626643617396292,0.0768137129614871,0.0017497337925403002,0,1
6,0,0.9631115887129913,0.025947564957181847,0.0038662799449042918,0,1
7,1,0.9551879934440839,0.023002882987906006,0.0014789458896973073,0,1
3,0,0.7775574215634863,0.06832355451381678,0.01851302413866519,0,1
109,5,0.2997264963127555,0.623689109034485,0.3981773737808766,11,-1
4,0,0.7035107880432677,0.005802962709428073,0.011962656595062793,0,1
3,0,0.7671078294294142,0.09778114891381949,0.016532219327039334,0,1
73,6,0.0574306720858905,0.6143061293824967,0.3099185571317232,7,-1
4,0,0.9316959080121258,0.029794045872903907,0.0017476012503898186,0,1
4,0,0.7029769621489264,0.08034078265896358,0.00024010266737413356,0,1
7,0,0.795955911678913,0.020065001547767625,0.011065183743238598,0,1
6,0,0.8871587624851988,0.05078028847985136,0.009337684432666422,0,1
26,17,0.2113172091191035,0.5867835278355202,0.7602564102727052,5,-1
2,0,0.9003425715716595,0.06479643049054092,0.011174545374515189,0,1
1,0,0.7161917897652739,0.07820981470876015,0.013107371222235155,0,1
102,5,0.27839977367811225,0.4188800435583424,0.4484141650935232,11,-1
3,0,0.7337493873441656,0.0686830395751549,0.012624202736975627,0,1
4,0,0.9760787793984862,0.04311128878183497,0.0019153072021298968,0,1
3,0,0.9104109585197844,0.03315442036954014,0.01579945422731223,0,1
4,0,0.8922073802850102,0.07696644884986581,0.005603481372232473,0,1
5,0,0.7441607383293727,0.0002980130782330948,0.002080169781178394,0,1
4,0,0.7959507769875901,0.060941510365809914,0.003930867910717808,0,1
2,0,0.8478637538632251,0.00036158617715676967,0.018872156436473102,0,1
9,0,0.7572810353052296,0.05007446082025288,0.01570540131820149,0,1
3,0,0.9624735499764365,0.009477512139137102,0.013535519035827281,0,1
3,0,0.7442451924211803,0.018357110265314714,0.009188586367850622,0,1
3,0,0.9952927572587607,0.04342681610636711,0.01204063192282617,0,1
106,17,0.063965819890081,0.7664081341289652,0.7504003520877438,10,-1
3,0,0.8950516940717532,0.06729023601653983,0.008729866538864954,0,1
5,0,0.9129211577576564,0.02360276051928252,0.014524514093877816,0,1
4,0,0.8397945346114454,0.010764242183346385,0.0008579181906215227,0,1
1,0,0.748775893528934,0.05689631359252931,0.002905222287496616,0,1
5,0,0.7988939490243174,0.003928368222679046,0.011270320384139196,0,1
6,0,0.9527581153862831,0.036655093816659025,0.0064793386566108025,0,1
44,4,0.08033680063086869,0.41043688261462224,0.46992639005330905,8,-1
6,0,0.8724737752533701,0.07212855485978258,0.016096507272309588,0,1
5,1,0.7869088061796315,0.05795393434937254,0.004976631113317662,0,1
6,0,0.9675782434378168,0.03810998495926296,0.01971097989779251,0,1
6,0,0.8006385742423467,0.003992625111115056,0.012402743199213744,0,1
4,0,0.8919530518833689,0.04323007699841961,0.015084943689938323,0,1
6,0,0.8575618208371265,0.08940975279890294,0.007765459815925296,0,1
6,0,0.7673850749374606,0.06577106691553425,0.007358445939165594,0,1
10,0,0.9603483741194108,0.07363458626893268,0.011992824078949766,0,1
7,0,0.7880232730058184,0.09756387190976339,0.001792653562198574,0,1
5,0,0.8317302417247933,0.08705956337262845,0.004260934935443173,0,1
8,0,0.9910461887775165,0.05974078919815823,0.011205094490336678,0,1
6,0,0.8845369868954851,0.09896897161914701,0.0048686185001960555,0,1
88,6,0.1778505410979807,0.4556399476745182,0.5087981232451881,8,-1
6,0,0.988771865848358,0.03761224309222736,0.013519430507825333,0,1
6,1,0.7146664688515555,0.07322592825084566,0.00835976048377747,1,1
0,0,0.7331817255821993,0.07539365442663667,0.006458451218213482,0,1
7,0,0.9766584515903112,0.09537707400760041,0.01388952458833327,0,1
5,0,0.7970642074889952,0.0939247722875109,0.00816572239675248,0,1
6,0,0.9347097385453479,0.06701067957222666,0.013715248835201125,0,1
117,14,0.15253360988184772,0.612338681009324,0.32167249895289807,8,-1
1,0,0.9535726311522497,0.03962805182393712,0.01266085846951446,0,1
5,0,0.7798186570974774,0.07861905940651585,0.012130017260202635,0,1
3,0,0.795946086040254,0.07452278808310728,0.0075061862127138255,0,1
2,0,0.8286252223894934,0.03297224588276676,0.0088487837835762,0,1
1,0,0.8079634037001503,0.08081056645452729,0.010036402317206008,0,1
5,1,0.9442179023345026,0.07072008729490323,0.004295800774785086,0,1
6,0,0.902338385033312,0.0857773595969114,0.014460725897185623,0,1
59,4,0.0662508866353187,0.7990127290063687,0.41900850431552344,9,-1
4,0,0.7239114218336377,0.040902712091464836,0.003499312797814931,0,1
65,4,0.2140529971294315,0.7062158133787992,0.7090293823931939,9,-1
7,0,0.8489124423918563,0.03050716374793491,0.010766730258885304,0,1
5,0,0.7553535986796134,0.003014131772252804,0.0008672660033645397,0,1
3,0,0.9539323625450047,0.0005688223529377034,0.012097569615008805,0,1
2,0,0.8103324016462791,0.011900539071826255,0.002554521292462588,0,1
110,6,0.10110532518805504,0.7853968620206061,0.47908731297482726,11,-1
10,0,0.9413867324621213,0.06798849651049338,0.008518515587161539,0,1
7,0,0.9865859841548485,0.06494004673774935,0.0063665460771158535,0,1
8,0,0.8517522587377176,0.08995027601315464,0.0017889649684969156,1,1
3,1,0.8906198672437337,0.06513831711560146,0.011392359351715202,0,1
2,1,0.750310832796918,0.09266494080645697,0.0028067273358501187,0,1
12,0,0.7514529468940728,0.039011647729426814,0.0012376042249239827,0,1
7,0,0.9928809415098856,0.023056688223908096,0.011516268636963612,0,1
3,0,0.8895069361679687,0.036738728915195785,0.006827794439619151,0,1
5,0,0.8307518916803658,0.08462773724729193,0.01001662532573204,0,1
7,0,0.9231118485950075,0.05708408353221244,0.012931833675805195,0,1
4,0,0.7886975715529294,0.011432999466283534,0.0020158074146323915,0,1
2,0,0.7330285915785659,0.06365940276183005,0.017969266969571067,0,1
6,0,0.7126055773799078,0.07460863228216275,0.001154009389820887,0,1
10,1,0.8448130138717425,0.05554934964649921,0.008727865188596839,0,1
5,0,0.7117168536449316,0.0938431815412743,0.007916736175137917,0,1
7,0,0.9314710511453601,0.0731660019256022,0.015137937542177638,0,1
4,0,0.9175601189787261,0.07198996363846995,0.018143706434683514,0,1
6,0,0.8816736031092285,0.022431390930578513,0.014687415765471876,0,1
5,0,0.7452894979390884,0.0298715187124615,0.002041599339483744,0,1
3,0,0.8774530659307005,0.003820079498917972,0.01700980377165127,0,1
6,0,0.7330966890637234,0.07138474496287268,0.0027602921095133248,0,1
6,0,0.7124439588683357,0.07628288663942945,0.01683190453600764,0,1
7,0,0.9704331057547739,0.06830427470845861,0.0042585816567454506,0,1
9,0,0.9734647144915519,0.08926153340890317,0.016639552974976744,0,1
4,0,0.7477480593166679,0.09157921565469869,0.0070820889327565095,0,1
7,0,0.9598319683913626,0.02550864311192933,0.011704445750160924,0,1
4,0,0.9854626440266495,0.028784029307680193,0.019892230281832204,0,1
6,1,0.8025643966168344,0.0574156666431552,0.005129255836124696,0,1
83,14,0.12825701138932033,0.8840121156258652,0.4922098917050535,9,-1
6,0,0.9939004391267197,0.015968951246208406,0.006581225699290996,0,1
0,0,0.744426351412048,0.05634021759730277,0.006080789237811284,0,1
3,0,0.700152996704783,0.04227579208341034,0.0075741581749582815,0,1
5,0,0.8569982781139129,0.050511242106968994,0.0031355469284873537,0,1
7,0,0.7864435745834585,0.034780964958591676,0.013921532515352773,0,1
0,0,0.8520273454071308,0.0889621235789257,0.013619548453864401,0,1
9,0,0.7624998572465608,0.09892667452184177,0.017571808487516792,0,1
5,0,0.8755366975171462,0.05921455999888639,0.0025679063099533074,0,1
3,0,0.703371694799613,0.058389371372659475,0.00755301901678388,0,1
8,0,0.9338179162732665,0.0007272981478591567,0.002452999130498885,0,1
2,1,0.8491392410452638,0.014748453080470847,0.01842549432897786,0,1
5,0,0.7263568552979544,0.06902626091854012,0.012000330161759618,0,1
7,0,0.958991285930618,0.09856598475582384,0.008333985640868777,0,1
6,0,0.9635457543270731,0.0408042998818072,0.0010034834413185823,0,1
7,0,0.9342363537939378,0.02416628103745814,0.005491293544486262,0,1
4,1,0.8795136829598489,0.02550356696364601,0.019439753642495228,0,1
4,0,0.8827198507763495,0.046297366514571225,0.01781299782809194,0,1
5,0,0.7540411081396619,0.002414077712233365,0.018443121856883047,0,1
7,0,0.8828860851396643,0.024408001046248587,0.0012404174089767773,0,1
5,0,0.9369296463383999,0.019059030112082598,0.005463261121604541,0,1
5,0,0.891734538516941,0.01639172029435849,0.007718590738625217,0,1
5,0,0.8983251301806564,0.06869099786832132,0.012525134606413406,0,1
6,0,0.822485053966959,0.0738874227046373,0.01655422381626815,0,1
5,0,0.9527362613117543,0.061701720693371015,0.011507364043555839,0,1
65,17,0.2124314758119772,0.6945292654417412,0.5137343682595795,8,-1
3,0,0.8298841363586207,0.036478381337024794,0.004791752369880667,0,1
4,0,0.7200541659453028,0.0938788264213076,0.002879699624296173,0,1
5,0,0.9685981539831734,0.05795074424343775,0.004939779905713591,0,1
3,0,0.7066417488826437,0.06953056776022964,0.003356441882458485,0,1
3,0,0.9007592348136402,0.08219863276857212,0.009306309489702019,0,1
7,0,0.9765687407729928,0.027871210374694578,0.010763971566436515,0,1
8,0,0.90438355909444,0.012958453712476293,0.016418943149099363,0,1
4,0,0.9956723889713038,0.08149673380198462,0.01956410407599834,0,1
8,0,0.9684043522998004,0.07267391317296276,0.012344437183349238,0,1
5,1,0.7464789060534169,0.08778191725700715,0.009716325723468412,1,1
2,0,0.7189315674576034,0.010476385768111884,0.007929362415034674,0,1
4,0,0.743846404682264,0.08178751571851274,0.01976952545589355,0,1
4,0,0.9378594961307414,0.0019007400025671363,0.008703941832703899,0,1
7,0,0.970893017085237,0.04729201168617794,0.00593735702065537,0,1
2,0,0.7867815081173434,0.029572390495167467,0.00697818453911746,0,1
9,0,0.8101387268310759,0.05881024443177027,0.015090434494697115,0,1
8,0,0.7923076730959219,0.08265006669807282,0.01437199630191456,1,1
3,1,0.7828654505532849,0.034973959084398355,0.0004361412503021356,0,1
5,0,0.9939820715717338,0.0605425045880057,0.006123071242642016,0,1
2,0,0.8632733862950843,0.06426508330805682,0.018795658928572802,0,1
72,10,0.2485914147023096,0.4647093989669308,0.3799723521163912,3,-1
7,0,0.8631446520527998,0.014653655078907335,0.008478861698796485,0,1
47,17,0.33386502963962944,0.5066813833159634,0.7150398087248964,6,-1
5,0,0.836589954324203,0.03219938963267649,0.003416402729835686,0,1
4,1,0.9480049081813512,0.07991443889716637,0.014102245226706878,0,1
4,0,0.9800234288655254,0.08737126849058888,0.018435822086477305,0,1
6,0,0.9869258866533184,0.07980155187044524,0.0021683969083086674,0,1
4,0,0.8134668716518141,0.04339549202495178,0.004265738358978619,0,1
4,0,0.9760857833909253,0.0069561183486414714,0.015725976321546046,0,1
5,0,0.8959407318344725,0.06064264908049408,0.005877420942190887,0,1
7,0,0.9573791961005601,0.07400055386090458,0.01479221774801536,0,1
4,0,0.9324030305120362,0.07874086284309019,0.013097534776627702,0,1
6,0,0.7019548947075626,0.09014775814700164,0.019451159260938388,1,1
6,0,0.9248486516385027,0.023821405282914765,0.017023879403535346,0,1
4,0,0.7770072021598189,0.005991217588088083,0.0056878866382567604,0,1
5,0,0.8321091793536394,0.07374870861661496,0.007675695408245959,0,1
37,11,0.2170785738463072,0.7592118955400564,0.2583114653720176,6,-1
9,0,0.9480936482452093,0.08436237885896408,0.019978674742090783,0,1
2,0,0.7993282876001067,0.0874438785160744,0.014264783040403997,0,1
1,0,0.759828657491187,0.029332833320651022,0.006155864132504961,0,1
5,1,0.9699899559388572,0.06692902381531861,0.0008858705280683598,0,1
103,5,0.26905659044030095,0.40252341618634657,0.6417785997265271,4,-1
5,0,0.8945912107414866,0.015244288440790356,0.004069061010584554,0,1
3,0,0.8465743434925135,0.0851246123505876,0.009256845140686564,0,1
7,0,0.8278959000412944,0.009540343420515863,0.012677827797848045,0,1
10,0,0.9456845122934017,0.015505972141241343,0.005938346633547631,0,1
6,0,0.8434666344649353,0.06974970102885748,0.019872939358371335,0,1
5,0,0.774567312105022,0.04291233177818882,0.01829096158202312,0,1
5,0,0.768893403397044,0.051175588755717455,0.00961118708601512,0,1
7,0,0.7078249860054165,0.06345667993449942,0.01412817280551001,0,1
6,0,0.7405211068917802,0.0522172804484338,0.008414121407863974,0,1
6,0,0.8684171119463118,0.045247005041434245,0.0008385503392901606,0,1
4,0,0.939239347111787,0.06576774337926304,0.000992687080731567,0,1
3,0,0.8192949574969038,0.0673889398946381,0.016397787670783644,0,1
7,0,0.8097101590585221,0.09721820779667603,0.013389687216161444,1,1
3,0,0.804295884274989,0.09851896896773886,0.004274818309786404,0,1
3,0,0.7322497962976726,0.07895021761153927,0.0012399987667621605,0,1
3,1,0.9321696006900468,0.03778659915617221,0.01810829626672204,0,1
3,1,0.8171183119208213,0.04600719941981629,0.004994328272700053,0,1
5,0,0.7490144369393651,0.02403113511192331,0.002134352971049178,0,1
9,0,0.9544823802001685,0.05587129525945216,0.011524965002423756,0,1
1,0,0.7066968618693152,0.06966669119009267,0.0043208044894715945,0,1
7,0,0.7446406321385369,0.01776362265442959,0.00037932769462082353,0,1
6,0,0.8586223034619338,0.07749906494949083,0.016071481707677457,0,1
5,0,0.9496264953042493,0.018650668278577597,0.00022617373360201088,0,1
7,0,0.7570963669468053,0.03858608133416019,0.001556002266441976,0,1
95,12,0.1390446572974555,0.4094130222296902,0.4798593221437736,9,-1
81,14,0.36130539049312543,0.6107989621005879,0.6699280306198334,6,-1
5,0,0.9683860807204201,0.06118350545991809,0.001474980976916831,1,1
9,0,0.7527824897434786,0.03029170681310124,0.014738040231819231,0,1
3,0,0.9913884735918812,0.044048365133967815,0.017027544105721156,0,1
3,0,0.8834009040858859,0.05616729588389444,0.015720296177368663,0,1
7,0,0.7932269824610673,0.03459574900601118,0.009345904772568999,0,1
3,0,0.7705925194226112,0.025744199512243215,0.002585412558397575,0,1
6,0,0.7706350436880829,0.09020192994895433,0.005725403694791762,1,1
8,0,0.9306132726302243,0.012694253158894298,0.012334551835730945,0,1
8,0,0.7476556228478968,0.036600054775052064,0.0076740779912741934,0,1
2,0,0.734456820800553,0.053395473039792446,0.01203107299287036,0,1
7,0,0.9538684969346234,0.07245750577523875,0.016232706399294132,0,1
5,0,0.8734919948343187,0.058002480231696976,0.018951747995534146,0,1
5,0,0.9491431086059873,0.08404895566086851,0.018739674296719248,0,1
4,0,0.7901588649151441,0.018662149156682673,0.0004259967585385893,0,1
7,1,0.9589023644497603,0.05797650089005092,0.019311499594534768,1,1
2,0,0.7402248315864949,0.04600982579549186,0.013895782047353351,1,1
116,15,0.3262580765863146,0.7758314524570602,0.7287933592482401,6,-1
4,0,0.9605767424683005,0.08099878750170902,0.009980786071897271,0,1
7,0,0.9928723098809725,0.010029696692788926,0.017085208741862114,0,1
4,0,0.8788394164384785,0.06397717210139646,0.013151637736066576,0,1
6,0,0.9147608630749705,0.06377114238867136,0.016258011953414905,0,1
3,1,0.8340523763395891,0.09935973657117102,0.008451651374078242,0,1
5,1,0.8265396457853592,0.007374416514116067,0.010885200436189657,0,1
2,0,0.9449701629217713,0.008950064089550647,0.017606854828586323,0,1
4,0,0.9270600105873457,0.02091845927767303,0.01082660155091432,0,1
6,0,0.8592568952199202,0.09329476075562772,0.019428083063339194,1,1
6,0,0.752568253905109,0.03977319573036873,0.006419629471849569,0,1
5,0,0.7750401871447732,0.04080682030359309,0.009127531864958903,0,1
6,0,0.7587140244784796,0.029499294698397974,0.015978263355717063,0,1
5,0,0.930695200052922,0.037671615393533676,0.012152270520664695,0,1
4,1,0.776440247343119,0.010167689643099187,0.019181235539693312,0,1
7,0,0.7766192122493335,0.08535658372113794,0.000537330443916464,0,1
6,0,0.9509689105914615,0.08352373168240511,0.01078315446737699,0,1
6,0,0.7237907424260158,0.03090551574726176,0.004083981251855522,0,1
68,13,0.3354044362707894,0.5232836363982233,0.6421793328363734,8,-1
5,0,0.8532930746876669,0.009762823960852441,0.014009700200996263,0,1
4,0,0.8761310065189112,0.08646566077360136,0.010810072099956838,0,1
4,0,0.9906619416047815,0.05958843382560311,0.01626905150461569,0,1
5,0,0.7328609814932113,0.0889388092423232,0.010327083253329919,0,1
11,0,0.9671249422465114,0.018129247201391252,0.014572843783681231,0,1
7,0,0.7975714696320131,0.03300708004491545,0.019536683413007693,0,1
3,0,0.8515081265506882,0.07599642583052485,0.014995346517016755,0,1
3,0,0.7994214294182365,0.03023653923900669,0.016934222446650382,0,1
3,0,0.86268704170341,0.08953916600801054,0.013628805309277939,1,1
6,0,0.8176204159157117,0.07662983780122604,0.005822098110543499,0,1
4,0,0.9513446772430338,0.021566081340365275,0.003608839972919378,0,1
9,0,0.8827715066715767,0.012566254961150582,0.019726494172915915,0,1
10,0,0.7477727182029678,0.018993166719757218,0.004319763868715101,0,1
5,0,0.7188933723959898,0.023200620128180718,0.013645648092042207,0,1
6,0,0.8495794097191046,0.04532321650999274,0.003427004859239566,0,1
4,0,0.9324166495943732,0.04943967027742624,0.009973200416373089,0,1
3,0,0.9256140783417584,0.012455538839948932,0.01794922561139958,0,1
2,0,0.9407506101596321,0.030042018743063226,0.005773336553363324,0,1
5,0,0.7842883159519064,0.05382394482471339,0.005527870881768611,0,1
3,0,0.9437185725238141,0.030406353750650275,0.01297592329472812,0,1
7,1,0.747492859415173,0.08638701476312455,0.0008394713655247421,0,1
7,0,0.9928814801311119,0.014214637045651679,0.010947942952677875,0,1
6,0,0.7142482674046966,0.09105522508215966,0.010281264929429927,0,1
5,0,0.8523460044072406,0.035909638353639105,0.014840653247875127,1,1
5,0,0.9452348543428902,0.09468854443746169,0.004911667365477328,0,1
3,0,0.9481614400260205,0.09490868158193733,0.0026448024882131604,0,1
3,0,0.8182280945716202,0.07460812668313263,0.01798874924789433,0,1
6,0,0.787075366057272,0.024955239221512007,0.010955009183012383,0,1
3,0,0.7220524830408025,0.09987928508555383,0.00452223821268517,1,1
6,0,0.905822789278651,0.004851187002628721,0.00885355749088283,0,1
9,0,0.7999612696377577,0.0651665995687557,0.019497933775112844,1,1
3,0,0.8411413753225091,0.054272236693825485,0.00840206062811493,0,1
4,0,0.7100031093576875,0.0828573145439299,0.0010299736387608194,0,1
5,0,0.7517595102061325,0.0693087758769573,0.017257732164989718,0,1
7,0,0.8579579599525526,0.05985059682406246,0.0006085205640542224,0,1
2,0,0.8296013766427461,0.06971445504103851,0.015472803107990688,0,1
8,1,0.8337245869204216,0.017584070537823248,0.013998375496768444,1,1
5,1,0.9139506289000849,0.08518641745141499,0.01893191182996445,1,1
4,0,0.8073665592177067,0.017802952960536366,0.0017974094137867991,0,1
3,0,0.771952467417274,0.06739198740845365,0.00840233043918888,0,1
3,0,0.824349257541685,0.030909548869970927,0.0032251269504996994,0,1
2,0,0.8178820383452201,0.07288533698737658,0.002428069996854927,0,1
3,0,0.8125923526085476,0.03807208812354752,0.006291341326526739,0,1
5,0,0.9533529754801857,0.059446404852723615,0.005899647678446489,0,1
4,0,0.9159177506802125,0.038705541260208656,0.0010645456975106194,0,1
5,0,0.8402711084839891,0.029592381106263322,0.0160227741659753,0,1
3,0,0.7947378149007467,0.0006285545868591202,0.010610737940935153,0,1
3,0,0.8764974983387339,0.016247063661423988,0.013899232417883038,0,1
2,0,0.9630518218225557,0.07956089248194732,0.005463273808381104,0,1
6,1,0.8398358257803277,0.09744998832627831,0.01468546267751733,1,1
2,0,0.8268719895561758,0.022498141557381213,0.013136576242727006,0,1
5,0,0.9126196997694594,0.02217755097808907,0.019040485543391463,0,1
5,0,0.7415804494294604,0.09743037405035937,0.0024082181943291124,0,1
9,0,0.846000585102652,0.033785712913695,0.011483110908647344,0,1
3,0,0.8003480002034653,0.005010542650497185,0.007627279503631328,0,1
6,0,0.8060815828709458,0.05109918499799179,0.004309868900819389,0,1
6,0,0.9128133790929667,0.06537325001261435,0.0015889136059778998,0,1
2,1,0.8039919083109658,0.0290509412778189,0.016051438105900564,0,1
1,0,0.9371668716287912,0.07161110355892511,0.008131983232825008,0,1
7,0,0.89993687487245,0.07617484969288853,0.004969292094056879,0,1
9,0,0.734398961842588,0.012028859342571153,0.006226453586966769,0,1
5,0,0.7067864671381302,0.08372857778497611,0.015423633922364562,0,1
4,0,0.8897601306413319,0.07075544169787576,0.004268522679368221,0,1
3,0,0.9901346852114083,0.03784717648136535,0.00014675250446269272,0,1
4,1,0.9314112336616671,0.07414198908629999,0.009713604414390772,0,1
9,0,0.828689792706029,0.048856305116537935,0.012494704042459255,0,1
9,0,0.7898009371568095,0.04588129282414342,0.01130799035969344,0,1
4,0,0.7094906851638797,0.07166718682829376,0.008235545811247146,0,1
2,1,0.9586092622880529,0.0357235416616782,0.01381287226279002,0,1
3,0,0.7517881810807671,0.08264839409810715,0.002167494145863398,0,1
7,0,0.7881240404876683,0.0726007384655196,0.01177108177441488,0,1
6,0,0.702776176065089,0.05406432479523504,0.00444151399887859,0,1
3,0,0.8034714384982307,0.06083829531497954,0.017254191775590965,0,1
3,0,0.7283451625536891,0.013190393883080088,0.0004581173319436771,1,1
8,0,0.7573319314280437,0.002423759416417282,0.0041290981008541205,0,1
6,0,0.7639704596336592,0.015374402858395598,0.006628761380292265,0,1
9,0,0.9556285054141136,0.02197104627150517,0.01456842596067555,0,1
2,0,0.7647170471396828,0.018543124140473155,0.011977672991405824,0,1
2,1,0.9767429601342938,0.04991835244550885,0.003909160085911854,0,1
7,0,0.7723669375328189,0.08759873317074103,0.0004386108487079254,0,1
3,1,0.9580616911620179,0.03815205521893203,0.004745980721871705,0,1
3,0,0.8973590516814909,0.09528253149464772,0.0030518947643018456,0,1
5,0,0.7803211656323694,0.025642869465170772,0.004771410478913863,1,1
2,0,0.7892834274164278,0.09208615651815438,0.018110407570093738,0,1
5,0,0.7493021803684803,0.0344568229458775,0.015437752900058893,0,1
4,0,0.7630353058697076,0.076912890162178,0.00022275152944346122,0,1
116,14,0.26058407557096364,0.7320398786542383,0.6736031051569984,6,-1
5,0,0.9389975121549512,0.09119757436817587,0.01139794078340604,0,1
5,0,0.9254814604969428,0.08206222542831537,0.004846099893930149,0,1
8,0,0.7883370678262351,0.0930965115016544,0.011210771761034995,0,1
90,10,0.12971558480183254,0.597077794172596,0.7687917314997172,4,-1
3,0,0.7485485983804872,0.06556198804449888,0.0012002163771217544,0,1
2,0,0.7081711307752642,0.04094684483426195,0.01418539088344401,0,1
4,0,0.91277862813385,0.04452121220658587,0.00708504607004478,0,1
6,0,0.7965390725762826,0.01374594390853764,0.0018885615938727107,0,1
8,1,0.9356335092556718,0.0693362436701126,0.009915052573207097,0,1
3,0,0.7078716366346987,0.09691416200498598,0.0037696755033523543,0,1
4,0,0.8437080876927201,0.05168757431949261,0.012912794395259565,0,1
2,0,0.769349745896176,0.0303739822629848,0.01645724368656919,0,1
5,1,0.9589221995771721,0.09716504979316054,0.018351655680596823,0,1
2,0,0.8873178292887527,0.022756266117868573,0.0074515335291605814,0,1
8,0,0.7966965496810818,0.03671431593120738,0.0018912195053493598,0,1
2,0,0.7010812719664861,0.09367681333721024,0.0045906576834432115,0,1
80,15,0.2319000018102007,0.8452306014237827,0.5769333393745919,3,-1
6,0,0.9581101704015795,0.006454780502388325,0.004800671687486604,0,1
5,1,0.7893923657039933,0.02149524501569208,0.018291473599751872,0,1
4,0,0.7627213855901047,0.09061606345318934,0.0063717403991491285,1,1
8,1,0.95310772103142,0.07810977551241967,0.0012114016632788905,0,1
8,0,0.9454714084575789,0.0568649636179005,0.010365595248983856,0,1
2,1,0.9806858068985971,0.05864677720405473,0.000520652996472113,0,1
5,0,0.9801696913911908,0.07597861212004048,0.007629900200939044,0,1
8,0,0.9880321117505686,0.05258685282282677,0.012627370582012739,0,1
8,0,0.9794750968930789,0.05224313130499997,0.004280357344760124,0,1
42,14,0.12528740827817567,0.40539599331866477,0.6978917365029453,6,-1
6,0,0.9210164930879206,0.010673668201459752,0.0037146213347035452,0,1
7,0,0.7549370379353553,0.07072061464669853,0.010425324771248877,0,1
8,0,0.8092584103875652,0.08043696250082402,0.0023659778008144295,0,1
4,1,0.8807359789490785,0.05784472430027753,0.006493857132000325,0,1
5,0,0.9445433792277353,0.0689754640977749,0.0006234616463546172,0,1
72,16,0.38520384675578656,0.4665667267612912,0.46325745372014826,6,-1
4,1,0.7601048091545808,0.04311634931348018,0.0033496617195248146,0,1
4,0,0.9895682978517072,0.0468690067229141,0.006679684365320031,0,1
2,0,0.7216079997191008,0.01250712394505691,0.00971269816262468,0,1
4,0,0.8310210033383922,0.08172264190930922,0.0084589122011336,0,1
3,0,0.764623211578642,0.048086745863622576,0.013209838526424775,0,1
8,0,0.9942228175675593,0.010368029037102922,0.012931759010576518,0,1
4,0,0.7818864602921414,0.024098558954629458,0.016522773207106635,0,1
4,0,0.8078450355481638,0.06647969910304584,0.013177934108226912,0,1
7,1,0.9076316193441751,0.07468469748939771,0.0024993723630366694,0,1
7,0,0.7528263274807606,0.03562029305097099,0.007852901636724165,0,1
6,1,0.7987310293143306,0.030198022695393636,0.008863045469098003,0,1
